ID,LAT,LONG,MODE,WATTS,LAST_UPDATED,VOLTAJE,CURRENT,PF,WATTS_MEAS,DIM,STATUS_LAMP,FAULTY,BURN_HR,KWH
DECO_31847,39.74146356,-104.9489144,4,100,23/04/2023 23:37:03,243.024,0.59293,0.953,82.17259958,0.0155,1,0,41.48392208,4.12385555
DECO_31848,39.7539494,-104.98249,4,250,23/04/2023 23:37:03,243.993,1.49121,0.889,206.1783888,0.1008,1,0,41.48392208,10.31369302
DECO_31852,39.75493899,-104.9864249,4,100,23/04/2023 23:37:03,195.203,0.70905,0.914,77.83368081,0.079,1,0,41.48392208,4.117841276
DECO_31853,39.74323754,-104.948897,4,100,23/04/2023 23:37:03,199.723,0.8402,0.989,84.43149529,0.0844,1,0,41.48392208,4.120371696
DECO_31854,39.75497268,-104.9814148,4,250,23/04/2023 23:37:03,235.183,1.4004,0.914,198.6623658,0.0121,1,0,41.48392208,10.3294192
DECO_31860,39.74192717,-104.9494593,4,250,23/04/2023 23:37:03,248.574,1.62115,0.951,229.9799349,0.0175,1,0,41.48392208,10.31185471
DECO_31872,39.74133771,-104.9500094,4,250,23/04/2023 23:37:03,194.846,2.02721,0.891,243.3157941,0.0201,1,0,41.48392208,10.30311843
DECO_31875,39.74162738,-104.9507452,4,100,23/04/2023 23:37:03,242.386,0.58544,0.964,74.71183478,0.0767,1,0,41.48392208,4.115692659
DECO_31893,39.7402741,-104.9544364,4,70,23/04/2023 23:37:03,215.419,0.50074,0.971,58.25273044,0.0433,1,0,41.48392208,2.883246271
DECO_31904,39.75588736,-104.9845012,4,100,23/04/2023 23:37:03,218.29,0.77236,0.873,90.65027871,0.1632,1,0,41.48392208,4.122475216
DECO_31913,39.75901259,-105.0025585,4,28,23/04/2023 23:37:03,197.848,0.21432,0.947,21.59304241,0.1282,1,0,41.48392208,1.156448048
DECO_31949,39.74875754,-105.0020891,4,250,23/04/2023 23:37:03,233.158,1.47534,0.879,213.4901908,0.0271,1,0,41.48392208,10.33100346
DECO_31951,39.74853198,-105.0024521,4,70,23/04/2023 23:37:03,201.529,0.52211,0.866,62.47780023,0.0835,1,0,41.48392208,2.886793327
DECO_31952,39.74872668,-105.0023008,4,250,23/04/2023 23:37:03,206.555,1.86713,0.999,170.5080067,0.183,1,0,41.48392208,10.28552752
DECO_31953,39.74851481,-105.0026606,4,70,23/04/2023 23:37:03,213.748,0.5558,0.911,61.37258083,0.1572,1,0,41.48392208,2.885831315
DECO_31982,39.75932706,-105.0022092,4,28,23/04/2023 23:37:03,223.792,0.20504,0.959,24.9127135,0.0547,1,0,41.48392208,1.155984496
DECO_31985,39.75950178,-105.0020658,4,28,23/04/2023 23:37:03,211.542,0.19728,0.971,22.82222683,0.0312,1,0,41.48392208,1.152612868
DECO_31989,39.75914507,-105.0020749,4,28,23/04/2023 23:37:03,194.164,0.21227,0.887,24.05325987,0.0762,1,0,41.48392208,1.152770007
DECO_31993,39.75895268,-105.0022721,4,28,23/04/2023 23:37:03,219.506,0.17023,0.964,18.58894722,0.1276,1,0,41.48392208,1.155312739
DECO_31995,39.75963096,-105.0026767,4,100,23/04/2023 23:37:03,194.722,0.79503,0.974,69.70634278,0.1988,1,0,41.48392208,4.12199036
DECO_31999,39.760323,-105.002931,4,150,23/04/2023 23:37:03,219.277,1.11766,0.994,131.6192097,0.0152,1,0,41.48392208,6.185666292
DECO_32000,39.76029656,-105.0029562,4,150,23/04/2023 23:37:03,213.262,1.01529,0.887,130.452986,0.0463,1,0,41.48392208,6.183824207
DECO_32012,39.74840894,-105.0039444,4,400,23/04/2023 23:37:03,206.173,3.28704,0.933,339.4005369,0.1589,1,0,41.48392208,16.48474682
DECO_32015,39.74844536,-105.0038481,4,70,23/04/2023 23:37:03,190.596,0.53494,0.947,57.70922477,0.031,1,0,41.48392208,2.891772622
DECO_32021,39.74756883,-105.0033118,4,250,23/04/2023 23:37:03,216.637,1.64472,0.925,182.8512847,0.1473,1,0,41.48392208,10.30964136
DECO_32071,39.75939068,-105.0020917,4,28,23/04/2023 23:37:03,210.649,0.19424,0.91,20.75783089,0.1734,1,0,41.48392208,1.151773858
DECO_32076,39.7593152,-105.0019263,4,28,23/04/2023 23:37:03,218.368,0.19414,0.868,25.11073851,0.0836,1,0,41.48392208,1.155025999
DECO_32086,39.75997242,-105.0020118,4,70,23/04/2023 23:37:03,207.066,0.48121,1,48.92699885,0.0912,1,0,41.48392208,2.874651313
DECO_32089,39.74798871,-105.0048066,4,70,23/04/2023 23:37:03,219.399,0.51592,0.87,62.17238853,0.1482,1,0,41.48392208,2.886855932
DECO_32090,39.74752754,-105.0031212,4,70,23/04/2023 23:37:03,199.004,0.57097,0.866,66.75446305,0.0932,1,0,41.48392208,2.882072654
DECO_32091,39.74808159,-105.0045855,4,70,23/04/2023 23:37:03,229.231,0.40319,0.867,56.19642253,0.0604,1,0,41.48392208,2.882217613
DECO_32093,39.74811272,-105.0045099,4,250,23/04/2023 23:37:03,226.906,1.7948,0.92,203.2979369,0.176,1,0,41.48392208,10.30519133
DECO_32094,39.74752534,-105.0030294,4,400,23/04/2023 23:37:03,200.629,3.15086,0.923,359.2218427,0.0583,1,0,41.48392208,16.47950599
DECO_32095,39.74751714,-105.0026832,4,250,23/04/2023 23:37:03,204.931,2.02,0.972,220.0052884,0.0571,1,0,41.48392208,10.29243391
DECO_32100,39.74745939,-105.0026275,4,70,23/04/2023 23:37:03,242.629,0.48651,0.851,77.777728,0.0005,1,0,41.48392208,2.880921909
DECO_32102,39.74733427,-105.0025057,4,70,23/04/2023 23:37:03,233.219,0.48455,0.88,63.2322196,0.1218,1,0,41.48392208,2.882494502
DECO_32104,39.74837557,-105.004016,4,70,23/04/2023 23:37:03,204.575,0.561,0.895,70.891294,0.0125,1,0,41.48392208,2.885958353
DECO_32105,39.74720196,-105.0023693,4,70,23/04/2023 23:37:03,212.095,0.55737,0.993,56.61217119,0.1232,1,0,41.48392208,2.891220694
DECO_32108,39.74681309,-105.0019863,4,70,23/04/2023 23:37:03,247.203,0.39657,0.891,56.12998483,0.0892,1,0,41.48392208,2.88986394
DECO_32128,39.76040679,-104.983095,4,250,23/04/2023 23:37:03,216.92,1.89166,0.889,218.3542101,0.1556,1,0,41.48392208,10.29621354
DECO_32130,39.75936929,-104.9842018,4,250,23/04/2023 23:37:03,241.729,1.66877,0.891,233.2728346,0.0801,1,0,41.48392208,10.32973666
DECO_32131,39.76045394,-104.9827729,4,250,23/04/2023 23:37:03,210.432,1.69866,0.959,181.9152906,0.1139,1,0,41.48392208,10.29930309
DECO_32135,39.75943953,-105.0022456,4,100,23/04/2023 23:37:03,190.819,0.78403,0.911,77.83750822,0.1512,1,0,41.48392208,4.132343134
DECO_32148,39.74025921,-104.9503559,4,250,23/04/2023 23:37:03,198.632,2.02655,0.853,235.8743579,0.1091,1,0,41.48392208,10.29239131
DECO_32171,39.7402933,-104.9499844,4,250,23/04/2023 23:37:03,209.575,1.61353,0.942,178.8052878,0.101,1,0,41.48392208,10.30988217
DECO_32176,39.74638461,-105.0016723,4,250,23/04/2023 23:37:03,227.732,1.54158,0.854,215.1424068,0.0672,1,0,41.48392208,10.31074441
DECO_32177,39.7483223,-105.0034231,4,250,23/04/2023 23:37:03,195.494,2.16915,0.912,236.2030735,0.0901,1,0,41.48392208,10.28469027
DECO_32180,39.74838021,-105.0028791,4,70,23/04/2023 23:37:03,220.419,0.43479,0.851,51.85658308,0.1792,1,0,41.48392208,2.88518792
DECO_32181,39.74722869,-105.0021414,4,250,23/04/2023 23:37:03,203.287,2.0871,0.983,218.2651176,0.0723,1,0,41.48392208,10.28863366
DECO_32186,39.74780963,-105.0023193,4,250,23/04/2023 23:37:03,204.109,1.86005,0.85,239.8904957,0.0426,1,0,41.48392208,10.31157174
DECO_32199,39.76010823,-104.983237,4,400,23/04/2023 23:37:03,206.141,2.55178,0.994,262.5379374,0.0848,1,0,41.48392208,16.47814434
DECO_32200,39.75053195,-104.9499545,4,100,23/04/2023 23:37:03,201.126,0.74925,0.928,83.60153107,0.0745,1,0,41.48392208,4.124603251
DECO_32202,39.75053651,-104.9498588,4,100,23/04/2023 23:37:03,213.067,0.6441,0.999,66.34800822,0.1066,1,0,41.48392208,4.125783444
DECO_32204,39.76037345,-104.9835301,4,100,23/04/2023 23:37:03,222.388,0.61099,0.962,63.4930102,0.1829,1,0,41.48392208,4.117001684
DECO_32205,39.7600229,-104.9825326,4,250,23/04/2023 23:37:03,228.341,1.47422,0.907,202.4831081,0.0237,1,0,41.48392208,10.30390557
DECO_32209,39.75885896,-104.9831292,4,250,23/04/2023 23:37:03,221.691,1.67019,0.878,227.4046957,0.0384,1,0,41.48392208,10.34079141
DECO_32225,39.74223345,-105.0076037,4,250,23/04/2023 23:37:03,204.041,1.84222,0.977,192.5634063,0.0844,1,0,41.48392208,10.3044431
DECO_32227,39.74237731,-105.0073974,4,250,23/04/2023 23:37:03,225.176,1.88362,0.975,219.9040863,0.0761,1,0,41.48392208,10.31317705
DECO_32230,39.74222307,-105.007219,4,250,23/04/2023 23:37:03,210.202,1.9365,0.949,228.5727672,0.036,1,0,41.48392208,10.30745622
DECO_32242,39.74029017,-104.9502038,4,250,23/04/2023 23:37:03,214.282,1.84033,0.873,247.0218243,0.0251,1,0,41.48392208,10.27633972
DECO_32245,39.74085195,-104.9501491,4,250,23/04/2023 23:37:03,201.902,1.84236,0.926,192.9864407,0.1368,1,0,41.48392208,10.32525517
DECO_32248,39.74092824,-104.9507029,4,100,23/04/2023 23:37:03,211.57,0.64682,0.93,69.35221032,0.1523,1,0,41.48392208,4.127443523
DECO_32264,39.75992643,-105.0036136,4,150,23/04/2023 23:37:03,230.153,0.85809,0.987,94.29166329,0.1338,1,0,41.48392208,6.179662467
DECO_32279,39.7469417,-105.0021199,4,70,23/04/2023 23:37:03,203.157,0.51859,0.919,53.65890796,0.1604,1,0,41.48392208,2.881895028
DECO_32282,39.74668786,-105.001842,4,70,23/04/2023 23:37:03,200.651,0.55914,0.95,52.48877022,0.1957,1,0,41.48392208,2.887044732
DECO_32284,39.74848223,-105.0036287,4,250,23/04/2023 23:37:03,201.365,1.73914,0.941,188.1521879,0.0878,1,0,41.48392208,10.31735711
DECO_32285,39.74656891,-105.0017138,4,70,23/04/2023 23:37:03,219.158,0.42002,0.984,45.11699612,0.1148,1,0,41.48392208,2.890540239
DECO_32331,39.75947071,-105.0017701,4,250,23/04/2023 23:37:03,214.379,1.81139,0.855,239.5358585,0.06,1,0,41.48392208,10.32544877
DECO_32332,39.7599239,-105.0036169,4,150,23/04/2023 23:37:03,247.857,0.90153,0.991,113.8121667,0.0703,1,0,41.48392208,6.186735745
DECO_32334,39.76011321,-105.0030016,4,70,23/04/2023 23:37:03,218.525,0.51046,0.989,49.28410027,0.196,1,0,41.48392208,2.880985564
DECO_32337,39.76015878,-105.0030941,4,70,23/04/2023 23:37:03,213.622,0.49572,0.888,60.60979181,0.0929,1,0,41.48392208,2.890507462
DECO_32339,39.75972962,-105.0015675,4,250,23/04/2023 23:37:03,203.265,1.94209,0.923,205.1461297,0.1388,1,0,41.48392208,10.30513991
DECO_32346,39.75999074,-105.0027905,4,70,23/04/2023 23:37:03,228.521,0.46334,0.918,53.0786414,0.1747,1,0,41.48392208,2.890781477
DECO_32351,39.76011438,-105.0022822,4,70,23/04/2023 23:37:03,232.012,0.4143,0.998,46.80907526,0.1015,1,0,41.48392208,2.885349362
DECO_32360,39.74790088,-105.0024354,4,70,23/04/2023 23:37:03,232.23,0.4175,0.883,51.80762928,0.1583,1,0,41.48392208,2.885173105
DECO_32367,39.74707129,-105.0022533,4,70,23/04/2023 23:37:03,213.187,0.48848,0.949,59.88330465,0.0128,1,0,41.48392208,2.892876868
DECO_32371,39.74637298,-105.001253,4,250,23/04/2023 23:37:03,207.292,1.69376,0.908,182.8578421,0.1536,1,0,41.48392208,10.30548446
DECO_32374,39.7486815,-105.0031429,4,250,23/04/2023 23:37:03,228.437,1.5715,0.922,181.7930751,0.1619,1,0,41.48392208,10.28511402
DECO_32416,39.75999999,-105.0035014,4,150,23/04/2023 23:37:03,204.915,1.20749,0.936,141.0671894,0.0386,1,0,41.48392208,6.175542581
DECO_32422,39.76047716,-105.0030166,4,70,23/04/2023 23:37:03,242.257,0.41085,0.922,55.77343329,0.0726,1,0,41.48392208,2.880632402
DECO_32441,39.74652458,-105.0014151,4,250,23/04/2023 23:37:03,226.793,1.70376,0.862,219.4227512,0.1276,1,0,41.48392208,10.32939689
DECO_32444,39.74863242,-105.0029976,4,70,23/04/2023 23:37:03,241.991,0.44691,0.997,48.15022486,0.1798,1,0,41.48392208,2.88480895
DECO_32447,39.74844424,-105.0029359,4,250,23/04/2023 23:37:03,238.125,1.69933,0.895,231.5523814,0.0852,1,0,41.48392208,10.32866986
DECO_32453,39.74768523,-105.0018904,4,70,23/04/2023 23:37:03,236.8,0.4499,0.946,61.43784943,0.0141,1,0,41.48392208,2.88438366
DECO_32456,39.757079,-104.9839049,4,100,23/04/2023 23:37:03,248.095,0.6337,0.991,80.30117341,0.0677,1,0,41.48392208,4.123956224
DECO_32457,39.75559926,-104.9806169,4,250,23/04/2023 23:37:03,246.495,1.62471,0.985,183.727859,0.1702,1,0,41.48392208,10.31543045
DECO_32458,39.74215741,-104.9482901,4,100,23/04/2023 23:37:03,195.943,0.84545,0.937,88.25542867,0.1004,1,0,41.48392208,4.126018023
DECO_32460,39.75582151,-104.9800863,4,250,23/04/2023 23:37:03,243.592,1.43,0.902,214.8602092,0.0052,1,0,41.48392208,10.30560792
DECO_32461,39.74192379,-104.9483126,4,100,23/04/2023 23:37:03,197.613,0.73339,0.87,87.39727711,0.0648,1,0,41.48392208,4.118822145
DECO_32479,39.7584924,-104.9827518,4,250,23/04/2023 23:37:03,198.269,2.13868,0.977,220.6916994,0.0698,1,0,41.48392208,10.31153175
DECO_32481,39.75441364,-104.9856063,4,250,23/04/2023 23:37:03,248.441,1.38322,0.9,184.1791724,0.1378,1,0,41.48392208,10.3159669
DECO_32482,39.75365727,-104.9861332,4,250,23/04/2023 23:37:03,200.812,2.08654,0.983,197.5893534,0.1496,1,0,41.48392208,10.31044189
DECO_32483,39.75783836,-104.9861475,4,250,23/04/2023 23:37:03,214.964,1.86675,0.907,220.2375742,0.1092,1,0,41.48392208,10.32652237
DECO_32484,39.74024277,-104.943878,4,250,23/04/2023 23:37:03,225.117,1.79633,0.944,213.3787586,0.1004,1,0,41.48392208,10.30582324
DECO_32486,39.76035046,-105.0028779,4,150,23/04/2023 23:37:03,249.585,0.97098,0.944,121.7484538,0.1435,1,0,41.48392208,6.173893854
DECO_32490,39.76024469,-105.0030117,4,150,23/04/2023 23:37:03,208.036,1.0183,0.863,124.1103923,0.0989,1,0,41.48392208,6.172210498
DECO_32492,39.76021317,-105.0030528,4,150,23/04/2023 23:37:03,234.179,0.99862,0.948,128.457443,0.0583,1,0,41.48392208,6.180774337
DECO_32507,39.74353556,-105.0082581,4,250,23/04/2023 23:37:03,246.316,1.36005,0.87,204.3100437,0.0542,1,0,41.48392208,10.29742123
DECO_32525,39.74270188,-105.0076124,4,250,23/04/2023 23:37:03,200.638,1.74507,0.929,190.4832032,0.0912,1,0,41.48392208,10.32401317
DECO_32527,39.74297363,-105.0078238,4,250,23/04/2023 23:37:03,196.955,2.15525,0.977,229.1690741,0.0351,1,0,41.48392208,10.31598972
DECO_32531,39.75525856,-104.9800292,4,100,23/04/2023 23:37:03,229.825,0.72515,0.95,81.71233335,0.1571,1,0,41.48392208,4.117857548
DECO_32532,39.74125912,-104.948298,4,100,23/04/2023 23:37:03,247.749,0.59787,0.985,66.47094208,0.1883,1,0,41.48392208,4.122538231
DECO_32537,39.74099629,-104.9482961,4,100,23/04/2023 23:37:03,246.223,0.57662,0.937,69.21464288,0.1768,1,0,41.48392208,4.115523592
DECO_32538,39.75489045,-104.9804874,4,250,23/04/2023 23:37:03,214.218,1.71815,0.877,195.1596571,0.1708,1,0,41.48392208,10.30135351
DECO_32540,39.75577686,-104.9853802,4,250,23/04/2023 23:37:03,232.265,1.78599,0.98,222.8166986,0.0357,1,0,41.48392208,10.28674425
DECO_32554,39.75585625,-104.9819844,4,250,23/04/2023 23:37:03,190.504,1.97603,0.93,213.2794986,0.0523,1,0,41.48392208,10.31699381
DECO_32555,39.74298369,-104.9454414,4,100,23/04/2023 23:37:03,233.857,0.60056,0.898,84.16987431,0.0383,1,0,41.48392208,4.116879646
DECO_32558,39.75372114,-104.9830271,4,250,23/04/2023 23:37:03,217.779,1.73744,0.945,220.5461896,0.0049,1,0,41.48392208,10.28609399
DECO_32575,39.74391654,-105.008471,4,250,23/04/2023 23:37:03,210.244,1.85365,0.959,221.3237545,0.0112,1,0,41.48392208,10.30601338
DECO_32578,39.74408098,-105.0086119,4,250,23/04/2023 23:37:03,237.861,1.68213,0.95,192.6613757,0.1722,1,0,41.48392208,10.30847608
DECO_32583,39.7438192,-105.0091254,4,250,23/04/2023 23:37:03,214.741,1.85543,0.972,183.0763193,0.1848,1,0,41.48392208,10.33605982
DECO_32584,39.74468392,-105.0090448,4,250,23/04/2023 23:37:03,227.961,1.46723,0.869,193.8632637,0.1022,1,0,41.48392208,10.31534259
DECO_32586,39.74394261,-105.0088849,4,250,23/04/2023 23:37:03,236.298,1.5036,0.912,210.1711999,0.0337,1,0,41.48392208,10.30856342
DECO_32594,39.74324337,-105.0080252,4,250,23/04/2023 23:37:03,213.811,1.73627,0.926,181.9581527,0.1845,1,0,41.48392208,10.3007387
DECO_32598,39.74359861,-105.009556,4,250,23/04/2023 23:37:03,211.566,1.94426,0.917,204.7709465,0.1815,1,0,41.48392208,10.31340215
DECO_32599,39.74437757,-105.0088545,4,250,23/04/2023 23:37:03,195.822,1.88323,0.947,210.0039793,0.0251,1,0,41.48392208,10.26423937
DECO_32600,39.74450867,-105.0092745,4,250,23/04/2023 23:37:03,239.099,1.61125,0.869,218.4194403,0.1218,1,0,41.48392208,10.31912427
DECO_32606,39.74378546,-105.0087385,4,250,23/04/2023 23:37:03,246.011,1.6857,0.937,197.1343824,0.1973,1,0,41.48392208,10.27898942
DECO_32607,39.7434533,-105.0084679,4,250,23/04/2023 23:37:03,217.067,1.6248,0.948,184.4140722,0.1036,1,0,41.48392208,10.30423891
DECO_32632,39.7481734,-105.003067,4,250,23/04/2023 23:37:03,206.321,1.77618,0.967,182.0381958,0.1251,1,0,41.48392208,10.28065685
DECO_32673,39.75989457,-105.0027179,4,100,23/04/2023 23:37:03,235.626,0.65995,0.925,93.42701248,0.0017,1,0,41.48392208,4.122413239
DECO_32708,39.74844835,-105.0017789,4,70,23/04/2023 23:37:03,216.489,0.51986,0.929,56.26975799,0.1648,1,0,41.48392208,2.891038022
DECO_32711,39.74709139,-105.0011381,4,400,23/04/2023 23:37:03,225.603,2.50953,0.922,305.1767639,0.1079,1,0,41.48392208,16.49326309
DECO_32720,39.74771566,-105.0015293,4,400,23/04/2023 23:37:03,208.865,2.7549,0.922,296.7397296,0.1465,1,0,41.48392208,16.49871129
DECO_32723,39.74823577,-105.0021973,4,400,23/04/2023 23:37:03,197.096,3.27352,0.928,312.343131,0.1924,1,0,41.48392208,16.46611173
DECO_32751,39.75983004,-105.0035003,4,400,23/04/2023 23:37:03,241.369,2.33692,0.919,327.7965034,0.042,1,0,41.48392208,16.47794273
DECO_32758,39.7597148,-105.0023643,4,100,23/04/2023 23:37:03,231.155,0.64083,0.924,86.38527381,0.0323,1,0,41.48392208,4.116396749
DECO_32765,39.75921417,-105.002244,4,28,23/04/2023 23:37:03,216.844,0.21204,0.981,24.81394389,0.0297,1,0,41.48392208,1.1519776
DECO_32773,39.7599189,-105.0022755,4,250,23/04/2023 23:37:03,191.206,2.15921,0.895,257.5247933,0.0028,1,0,41.48392208,10.2951583
DECO_32776,39.75973171,-105.0019199,4,250,23/04/2023 23:37:03,210.954,1.60743,0.993,151.4799986,0.1821,1,0,41.48392208,10.3031283
DECO_32790,39.74874527,-105.001834,4,150,23/04/2023 23:37:03,206.037,1.21619,0.853,142.3326426,0.1364,1,0,41.48392208,6.182518833
DECO_32791,39.74681528,-105.0008375,4,250,23/04/2023 23:37:03,213.935,1.61053,0.929,202.1544819,0.0199,1,0,41.48392208,10.28741513
DECO_32794,39.74781161,-105.0021385,4,70,23/04/2023 23:37:03,232.833,0.48274,0.968,62.18161426,0.0242,1,0,41.48392208,2.888131446
DECO_32795,39.74692582,-105.000977,4,70,23/04/2023 23:37:03,204.073,0.55358,0.959,56.63679364,0.1271,1,0,41.48392208,2.882845388
DECO_32796,39.74783756,-105.0019436,4,70,23/04/2023 23:37:03,233.005,0.48999,0.88,70.79409347,0.0268,1,0,41.48392208,2.880859615
DECO_32799,39.74830976,-105.0016936,4,70,23/04/2023 23:37:03,232.005,0.42524,0.891,55.7867332,0.1005,1,0,41.48392208,2.891300722
DECO_32801,39.74716948,-105.0012953,4,70,23/04/2023 23:37:03,245.178,0.47894,0.972,62.97669373,0.0485,1,0,41.48392208,2.880119242
DECO_32802,39.74061569,-104.9482925,4,100,23/04/2023 23:37:03,249.389,0.65909,0.924,89.18880581,0.0996,1,0,41.48392208,4.122393599
DECO_32803,39.74033624,-104.9482738,4,100,23/04/2023 23:37:03,193.498,0.76092,0.85,94.88031011,0.0236,1,0,41.48392208,4.126456791
DECO_32808,39.75419731,-104.9806509,4,250,23/04/2023 23:37:03,199.479,2.1095,0.999,206.0581289,0.0951,1,0,41.48392208,10.33101988
DECO_32809,39.75570577,-104.9863786,4,250,23/04/2023 23:37:03,223.035,1.86937,0.891,258.5089782,0.0137,1,0,41.48392208,10.28971687
DECO_32811,39.75324377,-104.9990714,4,70,23/04/2023 23:37:03,221.249,0.41574,0.974,51.63146886,0.0012,1,0,41.48392208,2.893668712
DECO_32821,39.74030163,-104.9998424,4,250,23/04/2023 23:37:03,205.858,1.93711,0.868,239.3947502,0.0712,1,0,41.48392208,10.30959744
DECO_32833,39.7486107,-105.0011749,4,200,23/04/2023 23:37:03,236.697,1.383,0.981,178.7385719,0.0183,1,0,41.48392208,8.245873341
DECO_32835,39.74862783,-105.0009228,4,100,23/04/2023 23:37:03,202.549,0.80317,0.955,86.1105636,0.0836,1,0,41.48392208,4.121823695
DECO_32836,39.74875273,-105.0012973,4,250,23/04/2023 23:37:03,229.101,1.52897,0.94,197.6917082,0.0431,1,0,41.48392208,10.30041743
DECO_32837,39.74841177,-105.0010376,4,100,23/04/2023 23:37:03,243.203,0.60603,0.916,77.7403959,0.1339,1,0,41.48392208,4.12482528
DECO_32839,39.74878394,-105.0012745,4,70,23/04/2023 23:37:03,232.253,0.40685,0.85,50.6202218,0.1883,1,0,41.48392208,2.888460875
DECO_32843,39.74887689,-105.0014674,4,70,23/04/2023 23:37:03,209.18,0.53752,0.969,57.84249054,0.0913,1,0,41.48392208,2.880950106
DECO_32845,39.74830483,-105.0009066,4,100,23/04/2023 23:37:03,236.332,0.6171,0.976,81.20542572,0.0063,1,0,41.48392208,4.122153235
DECO_32850,39.75904134,-105.0024155,4,28,23/04/2023 23:37:03,217.824,0.20009,0.978,23.2906226,0.0435,1,0,41.48392208,1.152264121
DECO_32852,39.75915444,-105.0023588,4,28,23/04/2023 23:37:03,246.134,0.17759,0.856,26.35885435,0.08,1,0,41.48392208,1.155809774
DECO_32855,39.75986801,-105.0036682,4,150,23/04/2023 23:37:03,190.785,1.09119,0.949,111.7341472,0.0786,1,0,41.48392208,6.192440067
DECO_32866,39.74627179,-105.0014644,4,250,23/04/2023 23:37:03,196.6,1.89122,0.98,200.3983769,0.0324,1,0,41.48392208,10.31469366
DECO_32867,39.7485586,-105.003318,4,250,23/04/2023 23:37:03,215.268,1.87464,0.95,219.6210719,0.0644,1,0,41.48392208,10.28279906
DECO_32872,39.7480081,-105.0025671,4,70,23/04/2023 23:37:03,241.995,0.41895,0.948,47.40506996,0.1984,1,0,41.48392208,2.882288003
DECO_32873,39.74751791,-105.0022534,4,250,23/04/2023 23:37:03,235.185,1.63533,0.976,173.7223219,0.1939,1,0,41.48392208,10.31217114
DECO_32875,39.74757155,-105.0024697,4,250,23/04/2023 23:37:03,217.805,1.50937,0.958,182.0670362,0.0371,1,0,41.48392208,10.28185987
DECO_32877,39.74795178,-105.0024298,4,400,23/04/2023 23:37:03,246.937,2.47929,0.867,341.6683924,0.1376,1,0,41.48392208,16.49097162
DECO_32915,39.75229429,-104.9967185,4,50,23/04/2023 23:37:03,228.182,0.33628,0.954,36.99874723,0.1664,1,0,41.48392208,2.064735393
DECO_32920,39.75241153,-104.9965717,4,250,23/04/2023 23:37:03,240.12,1.55208,0.891,216.3134787,0.0767,1,0,41.48392208,10.30318643
DECO_32921,39.75248486,-104.9964803,4,70,23/04/2023 23:37:03,192.574,0.48,0.963,48.33633499,0.0843,1,0,41.48392208,2.882683044
DECO_32923,39.75972971,-105.0038588,4,150,23/04/2023 23:37:03,239.052,0.84985,0.991,104.1109751,0.0646,1,0,41.48392208,6.174385797
DECO_32924,39.75956823,-105.0019675,4,250,23/04/2023 23:37:03,230.994,1.62692,0.939,189.3241023,0.147,1,0,41.48392208,10.30154841
DECO_32929,39.75975867,-105.0023675,4,70,23/04/2023 23:37:03,215.064,0.48797,0.928,59.54841165,0.0534,1,0,41.48392208,2.882331348
DECO_32930,39.75986908,-105.0025995,4,70,23/04/2023 23:37:03,191.951,0.55471,0.983,51.06178202,0.1352,1,0,41.48392208,2.888926015
DECO_32942,39.75062783,-105.0043579,4,150,23/04/2023 23:37:03,214.656,1.00399,0.965,115.1080223,0.062,1,0,41.48392208,6.19298896
DECO_32943,39.74139945,-104.9991271,4,150,23/04/2023 23:37:03,194.066,1.02577,0.888,122.2004651,0.0271,1,0,41.48392208,6.18690654
DECO_32947,39.74765331,-105.0020794,4,250,23/04/2023 23:37:03,231.86,1.67221,1,192.4122107,0.0815,1,0,41.48392208,10.32151142
DECO_32955,39.75196859,-105.0035958,4,70,23/04/2023 23:37:03,243.881,0.46719,0.878,64.11914739,0.1189,1,0,41.48392208,2.888284539
DECO_32958,39.75188611,-105.0031821,4,400,23/04/2023 23:37:03,241.029,2.48967,0.938,326.8537524,0.079,1,0,41.48392208,16.53653895
DECO_32961,39.75222933,-105.004029,4,250,23/04/2023 23:37:03,221.571,1.77689,0.936,212.8813675,0.0882,1,0,41.48392208,10.30405927
DECO_32963,39.75255153,-105.0043471,4,70,23/04/2023 23:37:03,227.292,0.42843,0.943,50.48173944,0.1174,1,0,41.48392208,2.891670159
DECO_32964,39.75250896,-105.0039127,4,70,23/04/2023 23:37:03,246.074,0.45655,0.959,61.13018097,0.0526,1,0,41.48392208,2.883342873
DECO_32977,39.75226758,-105.0015175,4,70,23/04/2023 23:37:03,242.569,0.47521,0.936,62.34193956,0.088,1,0,41.48392208,2.877473596
DECO_32981,39.74230527,-104.9992301,4,250,23/04/2023 23:37:03,190.751,1.73708,0.961,172.7423225,0.0897,1,0,41.48392208,10.30611152
DECO_32986,39.75256514,-104.9999319,4,70,23/04/2023 23:37:03,207.271,0.4831,0.97,55.73320738,0.0154,1,0,41.48392208,2.884352269
DECO_32988,39.75075848,-105.0020089,4,70,23/04/2023 23:37:03,210.249,0.45576,0.863,53.16095951,0.1467,1,0,41.48392208,2.888949372
DECO_32989,39.75055107,-105.0027866,4,70,23/04/2023 23:37:03,248.119,0.39834,0.946,51.87487418,0.1027,1,0,41.48392208,2.88665148
DECO_32990,39.75044543,-105.0029428,4,70,23/04/2023 23:37:03,240.592,0.41944,0.981,51.5979974,0.0807,1,0,41.48392208,2.885306108
DECO_32991,39.75035834,-105.0030952,4,70,23/04/2023 23:37:03,240.246,0.42358,0.904,52.20689102,0.1705,1,0,41.48392208,2.890199501
DECO_32993,39.75013253,-105.0031698,4,250,23/04/2023 23:37:03,248.685,1.58719,1,195.2208675,0.0846,1,0,41.48392208,10.31215306
DECO_32994,39.75113339,-105.0021905,4,70,23/04/2023 23:37:03,226.826,0.50396,0.879,58.4320775,0.1987,1,0,41.48392208,2.88608266
DECO_32996,39.75124679,-105.0023545,4,70,23/04/2023 23:37:03,230.763,0.51464,0.986,54.70239596,0.1656,1,0,41.48392208,2.894314808
DECO_32997,39.75144465,-105.002614,4,70,23/04/2023 23:37:03,245.912,0.45631,0.868,62.54877945,0.1376,1,0,41.48392208,2.889709041
DECO_33011,39.74146649,-104.9991492,4,150,23/04/2023 23:37:03,238.32,0.89814,0.895,118.3177119,0.1163,1,0,41.48392208,6.174648042
DECO_33012,39.74149488,-104.9991636,4,150,23/04/2023 23:37:03,241.445,0.88754,0.863,131.4804029,0.0563,1,0,41.48392208,6.181289753
DECO_33016,39.74152396,-104.9991796,4,150,23/04/2023 23:37:03,232.584,0.99528,0.869,145.7988408,0.0244,1,0,41.48392208,6.172729749
DECO_33024,39.75078871,-105.0038306,4,70,23/04/2023 23:37:03,227.671,0.4664,0.956,61.00824643,0.0039,1,0,41.48392208,2.881390937
DECO_33028,39.75038522,-105.0036351,4,70,23/04/2023 23:37:03,243.215,0.38356,0.956,50.84811055,0.055,1,0,41.48392208,2.888066637
DECO_33029,39.7503061,-105.0035322,4,70,23/04/2023 23:37:03,194.194,0.5085,0.992,49.14971736,0.0901,1,0,41.48392208,2.889668206
DECO_33030,39.75049011,-105.0042299,4,150,23/04/2023 23:37:03,242.267,0.82119,0.955,106.4215469,0.0739,1,0,41.48392208,6.171566441
DECO_33031,39.74127499,-104.9990571,4,150,23/04/2023 23:37:03,234.12,0.86172,0.914,122.7267993,0.0037,1,0,41.48392208,6.189720022
DECO_33033,39.75021644,-105.0033813,4,70,23/04/2023 23:37:03,247.274,0.43055,0.96,58.77551754,0.0374,1,0,41.48392208,2.885907789
DECO_33037,39.75283322,-105.0043477,4,70,23/04/2023 23:37:03,226.339,0.41343,0.861,49.82156467,0.183,1,0,41.48392208,2.885610789
DECO_33044,39.75236425,-105.0036747,4,28,23/04/2023 23:37:03,222.504,0.16698,0.981,17.46984622,0.1546,1,0,41.48392208,1.152632339
DECO_33067,39.74065438,-104.999844,4,250,23/04/2023 23:37:03,241.009,1.55132,0.852,204.6607388,0.1687,1,0,41.48392208,10.32487735
DECO_33069,39.7481459,-105.0009581,4,70,23/04/2023 23:37:03,245.74,0.37358,0.949,46.03146924,0.1392,1,0,41.48392208,2.891713645
DECO_33070,39.74831454,-105.0011202,4,70,23/04/2023 23:37:03,196.718,0.53159,0.866,57.61530351,0.1496,1,0,41.48392208,2.883183768
DECO_33073,39.74873312,-105.0010617,4,100,23/04/2023 23:37:03,213.79,0.72506,0.978,80.12387942,0.0748,1,0,41.48392208,4.12782005
DECO_33076,39.74874358,-105.0012741,4,100,23/04/2023 23:37:03,215.55,0.6365,0.882,70.06835791,0.1965,1,0,41.48392208,4.129596378
DECO_33079,39.7479579,-105.0010133,4,150,23/04/2023 23:37:03,222.777,1.00663,0.923,116.1331166,0.1418,1,0,41.48392208,6.173562258
DECO_33080,39.74791756,-105.0009882,4,150,23/04/2023 23:37:03,237.759,0.85576,0.904,116.2860846,0.0759,1,0,41.48392208,6.188838719
DECO_33081,39.7478777,-105.0009703,4,150,23/04/2023 23:37:03,234.595,1.00064,0.872,137.5858953,0.0889,1,0,41.48392208,6.190431875
DECO_33082,39.74879924,-105.0005245,4,100,23/04/2023 23:37:03,213.12,0.7871,0.949,87.31530733,0.1064,1,0,41.48392208,4.121454152
DECO_33103,39.7508133,-105.004181,4,150,23/04/2023 23:37:03,207.846,1.08103,0.917,134.0185856,0.0193,1,0,41.48392208,6.1835312
DECO_33105,39.75068049,-105.0040002,4,150,23/04/2023 23:37:03,223.352,1.12998,0.906,132.8389417,0.1468,1,0,41.48392208,6.178083931
DECO_33112,39.74210418,-104.9994796,4,150,23/04/2023 23:37:03,211.821,0.92682,0.873,117.5513389,0.0681,1,0,41.48392208,6.178013711
DECO_33114,39.74171633,-104.9999264,4,250,23/04/2023 23:37:03,207.787,1.7774,0.945,182.6015528,0.1559,1,0,41.48392208,10.30178333
DECO_33116,39.74101678,-104.9995248,4,250,23/04/2023 23:37:03,236.713,1.44289,0.936,172.6892343,0.1474,1,0,41.48392208,10.29724237
DECO_33118,39.74063901,-104.9993084,4,250,23/04/2023 23:37:03,240.639,1.46629,0.932,201.6468764,0.0415,1,0,41.48392208,10.31309849
DECO_33119,39.75159577,-105.0014459,4,70,23/04/2023 23:37:03,211.177,0.53566,0.883,69.37763725,0.0339,1,0,41.48392208,2.885058109
DECO_33120,39.75185866,-105.0011006,4,250,23/04/2023 23:37:03,211.942,1.73524,0.995,164.1465285,0.1803,1,0,41.48392208,10.32637817
DECO_33127,39.75181004,-105.0006854,4,70,23/04/2023 23:37:03,246.956,0.3794,0.899,57.30632432,0.0173,1,0,41.48392208,2.890344943
DECO_33132,39.75172787,-105.000828,4,70,23/04/2023 23:37:03,199.918,0.49386,0.957,53.81881085,0.0536,1,0,41.48392208,2.886221238
DECO_33133,39.75112086,-104.9995191,4,200,23/04/2023 23:37:03,198.788,1.53143,0.928,173.6721673,0.0483,1,0,41.48392208,8.24628061
DECO_33136,39.7510419,-104.9996015,4,200,23/04/2023 23:37:03,232.225,1.32243,0.922,157.7438159,0.1499,1,0,41.48392208,8.239338098
DECO_33141,39.74214283,-104.999691,4,150,23/04/2023 23:37:03,235.515,0.94828,0.974,122.8017134,0.0216,1,0,41.48392208,6.190518028
DECO_33142,39.7420528,-104.9996412,4,150,23/04/2023 23:37:03,190.215,1.06738,0.974,95.6296314,0.1619,1,0,41.48392208,6.191143342
DECO_33147,39.7492802,-105.000935,4,70,23/04/2023 23:37:03,199.835,0.55331,0.994,48.95657931,0.1881,1,0,41.48392208,2.883386504
DECO_33149,39.74984098,-104.9999469,4,70,23/04/2023 23:37:03,213.478,0.49177,0.936,56.49090527,0.0926,1,0,41.48392208,2.888707208
DECO_33152,39.74992193,-104.9998449,4,70,23/04/2023 23:37:03,245.671,0.46868,0.965,57.32852901,0.1256,1,0,41.48392208,2.88499409
DECO_33166,39.74149393,-105.0002733,4,250,23/04/2023 23:37:03,199.849,2.08106,0.89,213.762241,0.1834,1,0,41.48392208,10.3178266
DECO_33168,39.74091506,-105.000283,4,250,23/04/2023 23:37:03,212.464,1.6455,0.869,211.9591884,0.0609,1,0,41.48392208,10.31205975
DECO_33176,39.75128541,-105.0002525,4,70,23/04/2023 23:37:03,196.826,0.51344,0.911,51.82261022,0.1634,1,0,41.48392208,2.881281679
DECO_33190,39.74215967,-104.9991267,4,60,23/04/2023 23:37:03,219.602,0.40535,0.94,45.8065786,0.1275,1,0,41.48392208,2.470928334
DECO_33192,39.75248235,-105.0017863,4,70,23/04/2023 23:37:03,225.793,0.45103,0.981,51.69737754,0.0873,1,0,41.48392208,2.893742824
DECO_33196,39.75211165,-105.0010809,4,70,23/04/2023 23:37:03,217.935,0.5182,0.9,64.31099737,0.0839,1,0,41.48392208,2.883790725
DECO_33201,39.76021741,-105.0024922,4,70,23/04/2023 23:37:03,247.766,0.42798,0.909,60.89632357,0.0655,1,0,41.48392208,2.882752032
DECO_33202,39.76031902,-105.0027023,4,70,23/04/2023 23:37:03,219.706,0.43811,0.983,50.23783489,0.0588,1,0,41.48392208,2.889560176
DECO_33206,39.76037427,-105.0028048,4,70,23/04/2023 23:37:03,206.273,0.52968,0.932,58.75270163,0.0981,1,0,41.48392208,2.885523848
DECO_33210,39.74969501,-105.0021595,4,70,23/04/2023 23:37:03,245.465,0.42573,0.944,56.14700908,0.084,1,0,41.48392208,2.886526929
DECO_33212,39.74982042,-105.0019993,4,250,23/04/2023 23:37:03,240.204,1.52552,0.893,203.7724081,0.1132,1,0,41.48392208,10.32337213
DECO_33214,39.7499779,-105.0018263,4,70,23/04/2023 23:37:03,227.843,0.47189,0.928,53.42860499,0.171,1,0,41.48392208,2.888535762
DECO_33215,39.74910586,-105.0019022,4,200,23/04/2023 23:37:03,231.881,1.3968,0.936,162.3392301,0.1548,1,0,41.48392208,8.245624966
DECO_33216,39.75011144,-105.0016264,4,70,23/04/2023 23:37:03,246.559,0.39728,0.946,53.36533538,0.0686,1,0,41.48392208,2.882952943
DECO_33219,39.74777171,-105.0014466,4,250,23/04/2023 23:37:03,195.647,1.81138,0.977,180.8367274,0.088,1,0,41.48392208,10.29051083
DECO_33221,39.74814465,-105.0018537,4,400,23/04/2023 23:37:03,197.245,3.23757,0.94,309.029334,0.1795,1,0,41.48392208,16.48348946
DECO_33223,39.74759286,-105.0012267,4,400,23/04/2023 23:37:03,219.477,3.09158,0.992,322.5817914,0.1309,1,0,41.48392208,16.46677503
DECO_33225,39.74665411,-105.0010702,4,70,23/04/2023 23:37:03,200.851,0.47433,0.939,45.86788769,0.1848,1,0,41.48392208,2.886301417
DECO_33227,39.74787707,-105.0017372,4,70,23/04/2023 23:37:03,204.013,0.45393,0.904,50.82600581,0.1126,1,0,41.48392208,2.882821323
DECO_33264,39.75164582,-105.0028398,4,250,23/04/2023 23:37:03,243.038,1.58816,0.889,237.1855689,0.0249,1,0,41.48392208,10.31155661
DECO_33266,39.75136556,-105.0028073,4,70,23/04/2023 23:37:03,236.355,0.47237,0.912,60.75999429,0.111,1,0,41.48392208,2.885348151
DECO_33267,39.7518162,-105.0030336,4,250,23/04/2023 23:37:03,214.028,1.62649,0.881,202.2818491,0.0869,1,0,41.48392208,10.29942268
DECO_33268,39.75159745,-105.0031695,4,250,23/04/2023 23:37:03,246.232,1.58933,0.896,227.764577,0.0684,1,0,41.48392208,10.30336294
DECO_33269,39.75182429,-105.0031039,4,70,23/04/2023 23:37:03,205.98,0.47952,0.918,48.3018371,0.1949,1,0,41.48392208,2.876025333
DECO_33270,39.75177856,-105.0033742,4,70,23/04/2023 23:37:03,249.969,0.43267,0.952,55.47057832,0.1158,1,0,41.48392208,2.889898738
DECO_33272,39.75207264,-105.0037279,4,70,23/04/2023 23:37:03,237.953,0.38847,0.916,54.21139906,0.037,1,0,41.48392208,2.887691429
DECO_33288,39.74224509,-104.9995594,4,150,23/04/2023 23:37:03,240.831,0.94483,0.883,141.535404,0.0202,1,0,41.48392208,6.163651132
DECO_33293,39.74199929,-104.9996171,4,150,23/04/2023 23:37:03,238.532,0.94941,0.958,116.3027144,0.1071,1,0,41.48392208,6.198272989
DECO_33294,39.74148016,-104.9993303,4,150,23/04/2023 23:37:03,200.455,1.10837,0.92,123.7244097,0.0808,1,0,41.48392208,6.200303599
DECO_33295,39.7499594,-105.002575,4,100,23/04/2023 23:37:03,206.56,0.69542,0.859,90.03813324,0.0404,1,0,41.48392208,4.11938261
DECO_33296,39.74657644,-105.0012354,4,70,23/04/2023 23:37:03,241.254,0.4806,0.994,63.14199515,0.0014,1,0,41.48392208,2.883579056
DECO_33301,39.74803805,-105.001528,4,70,23/04/2023 23:37:03,203.139,0.50684,0.942,51.44364381,0.1505,1,0,41.48392208,2.886729928
DECO_33304,39.74817627,-105.0016129,4,70,23/04/2023 23:37:03,246.577,0.39531,0.916,58.52465872,0.0141,1,0,41.48392208,2.880327605
DECO_33305,39.74698265,-105.0013642,4,250,23/04/2023 23:37:03,221.612,1.77811,0.986,187.2259484,0.1393,1,0,41.48392208,10.29067563
DECO_33307,39.75293564,-105.0026619,4,165,23/04/2023 23:37:03,249.781,0.90242,0.872,126.1388012,0.1301,1,0,41.48392208,6.812147724
DECO_33311,39.75172735,-105.0027187,4,28,23/04/2023 23:37:03,236.688,0.16592,0.898,23.66283769,0.0331,1,0,41.48392208,1.153898136
DECO_33312,39.75245327,-105.0029172,4,165,23/04/2023 23:37:03,194.756,1.20132,0.963,121.3557847,0.0917,1,0,41.48392208,6.804886837
DECO_33313,39.75201813,-105.0028695,4,250,23/04/2023 23:37:03,197.074,1.85718,0.859,233.9783959,0.0213,1,0,41.48392208,10.29796139
DECO_33315,39.75219825,-105.0028439,4,28,23/04/2023 23:37:03,234.252,0.18317,0.873,26.80874356,0.0276,1,0,41.48392208,1.153497087
DECO_33336,39.74094579,-104.9997294,4,250,23/04/2023 23:37:03,206.717,1.9072,0.9,211.9611656,0.1351,1,0,41.48392208,10.29589996
DECO_33337,39.74077564,-105.0000584,4,400,23/04/2023 23:37:03,235.316,2.77818,0.943,316.2529168,0.1764,1,0,41.48392208,16.49038954
DECO_33341,39.75195104,-105.0032553,4,70,23/04/2023 23:37:03,236.248,0.48958,0.943,61.08100442,0.1009,1,0,41.48392208,2.890020413
DECO_33343,39.75212299,-105.0034848,4,70,23/04/2023 23:37:03,249.025,0.47308,0.898,71.96922487,0.0197,1,0,41.48392208,2.883773214
DECO_33345,39.75223962,-105.0036307,4,70,23/04/2023 23:37:03,199.825,0.59226,0.889,67.6979049,0.0923,1,0,41.48392208,2.881490487
DECO_33346,39.75212785,-105.0038526,4,250,23/04/2023 23:37:03,209.828,2.00759,0.958,198.8668476,0.1792,1,0,41.48392208,10.32867917
DECO_33348,39.75220472,-105.0035936,4,400,23/04/2023 23:37:03,193.225,3.06619,0.974,300.6650501,0.097,1,0,41.48392208,16.44899709
DECO_33353,39.74910881,-105.0008891,4,250,23/04/2023 23:37:03,246.84,1.31694,0.981,160.5713119,0.1119,1,0,41.48392208,10.31543507
DECO_33357,39.74890951,-105.001065,4,70,23/04/2023 23:37:03,209.238,0.53676,0.866,62.51124132,0.1409,1,0,41.48392208,2.881468572
DECO_33358,39.74925263,-105.0007055,4,70,23/04/2023 23:37:03,248.285,0.42633,0.904,58.50701808,0.1063,1,0,41.48392208,2.886814522
DECO_33359,39.74998917,-105.0000563,4,70,23/04/2023 23:37:03,218.023,0.43504,0.992,42.783413,0.1754,1,0,41.48392208,2.883574479
DECO_33362,39.74144844,-104.9993143,4,150,23/04/2023 23:37:03,233.498,0.89916,0.958,104.091193,0.138,1,0,41.48392208,6.203197463
DECO_33363,39.74048695,-104.9984805,4,250,23/04/2023 23:37:03,209.322,1.68082,0.99,184.6880481,0.0433,1,0,41.48392208,10.32208122
DECO_33364,39.74141551,-104.9992954,4,150,23/04/2023 23:37:03,235.895,0.8591,0.919,115.3745985,0.0615,1,0,41.48392208,6.191693999
DECO_33366,39.74957581,-105.0012781,4,100,23/04/2023 23:37:03,217.314,0.70098,0.972,74.02176457,0.1379,1,0,41.48392208,4.121178966
DECO_33367,39.74919149,-104.9996975,4,70,23/04/2023 23:37:03,198.916,0.52918,0.903,53.29483017,0.1824,1,0,41.48392208,2.886539835
DECO_33368,39.74910795,-104.9998726,4,250,23/04/2023 23:37:03,240.35,1.42642,0.853,193.0687579,0.1438,1,0,41.48392208,10.30131393
DECO_33369,39.74937793,-104.9999239,4,70,23/04/2023 23:37:03,217.306,0.48129,0.926,61.56571156,0.0206,1,0,41.48392208,2.883496247
DECO_33370,39.74929036,-105.0000748,4,250,23/04/2023 23:37:03,240.314,1.50815,0.947,181.7466934,0.1415,1,0,41.48392208,10.32195836
DECO_33372,39.75281167,-105.004717,4,70,23/04/2023 23:37:03,239.147,0.40811,0.941,55.73595606,0.0304,1,0,41.48392208,2.883366003
DECO_33377,39.74214299,-104.9994973,4,150,23/04/2023 23:37:03,223.733,0.91755,0.866,109.4328647,0.1772,1,0,41.48392208,6.187570903
DECO_33380,39.74135714,-104.9992682,4,150,23/04/2023 23:37:03,235.669,1.00808,0.953,112.0023726,0.1861,1,0,41.48392208,6.185057127
DECO_33381,39.74074662,-104.9986225,4,250,23/04/2023 23:37:03,248.854,1.48985,0.925,178.5066109,0.2,1,0,41.48392208,10.31957469
DECO_33382,39.74129483,-104.9992309,4,150,23/04/2023 23:37:03,212.126,1.01712,0.879,110.8661394,0.1945,1,0,41.48392208,6.175331599
DECO_33383,39.74123283,-104.9991928,4,150,23/04/2023 23:37:03,203.798,1.12388,0.973,127.0937078,0.0141,1,0,41.48392208,6.175269351
DECO_33384,39.74956671,-105.0023077,4,250,23/04/2023 23:37:03,247.272,1.61292,0.934,206.157412,0.1307,1,0,41.48392208,10.31908864
DECO_33386,39.75093112,-105.0036386,4,70,23/04/2023 23:37:03,210.883,0.51394,0.921,61.12739292,0.0678,1,0,41.48392208,2.885896915
DECO_33389,39.75085728,-105.0037312,4,70,23/04/2023 23:37:03,239.237,0.48466,0.917,60.23150086,0.1459,1,0,41.48392208,2.884506061
DECO_33391,39.74020582,-104.9983986,4,150,23/04/2023 23:37:03,209.619,1.0441,0.95,117.6844591,0.0756,1,0,41.48392208,6.167532182
DECO_33392,39.75083819,-105.0042162,4,70,23/04/2023 23:37:03,211.792,0.51086,0.852,63.64303605,0.1067,1,0,41.48392208,2.884482331
DECO_33396,39.74030301,-104.9984682,4,150,23/04/2023 23:37:03,206.94,0.96351,0.952,105.1895558,0.0905,1,0,41.48392208,6.176435053
DECO_33397,39.75155084,-105.0003748,4,70,23/04/2023 23:37:03,225.117,0.43553,0.888,51.3092429,0.1706,1,0,41.48392208,2.881951327
DECO_33400,39.75160893,-105.0006671,4,70,23/04/2023 23:37:03,204.422,0.53237,0.872,69.86175419,0.0021,1,0,41.48392208,2.887963425
DECO_33403,39.75144242,-105.0004876,4,70,23/04/2023 23:37:03,247.709,0.4033,0.955,54.42037404,0.0569,1,0,41.48392208,2.889518117
DECO_33405,39.75140542,-105.0001664,4,70,23/04/2023 23:37:03,224.049,0.49543,0.922,56.86834743,0.1521,1,0,41.48392208,2.882210364
DECO_33406,39.75087906,-104.9997156,4,70,23/04/2023 23:37:03,221.262,0.42975,0.907,49.09373223,0.162,1,0,41.48392208,2.890347268
DECO_33407,39.75089955,-104.9995051,4,70,23/04/2023 23:37:03,241.465,0.48683,0.887,68.68548305,0.0751,1,0,41.48392208,2.878564654
DECO_33409,39.74050957,-105.0002884,4,250,23/04/2023 23:37:03,195.865,1.83435,0.891,214.2046503,0.0516,1,0,41.48392208,10.28726001
DECO_33412,39.74028087,-105.0002781,4,250,23/04/2023 23:37:03,245.689,1.40494,0.943,188.4310734,0.0706,1,0,41.48392208,10.31718879
DECO_33417,39.74029893,-105.000729,4,250,23/04/2023 23:37:03,192.365,1.98578,0.929,223.1872246,0.024,1,0,41.48392208,10.31338179
DECO_33418,39.75007769,-104.9999371,4,250,23/04/2023 23:37:03,196.424,2.13252,0.933,222.9984638,0.1059,1,0,41.48392208,10.31454149
DECO_33422,39.75005153,-104.999668,4,70,23/04/2023 23:37:03,242.373,0.49075,0.964,67.33842553,0.0072,1,0,41.48392208,2.890738765
DECO_33423,39.75033013,-104.9996343,4,70,23/04/2023 23:37:03,223.028,0.47876,0.957,56.59304901,0.0798,1,0,41.48392208,2.890214291
DECO_33426,39.75021726,-104.9994939,4,70,23/04/2023 23:37:03,227.549,0.40925,0.942,44.23480087,0.1924,1,0,41.48392208,2.895535629
DECO_33427,39.75043469,-104.999455,4,70,23/04/2023 23:37:03,202.439,0.51156,0.857,65.01473037,0.0411,1,0,41.48392208,2.891117409
DECO_33428,39.75030012,-104.9993668,4,70,23/04/2023 23:37:03,240.968,0.43812,0.985,58.12221946,0.0042,1,0,41.48392208,2.881297107
DECO_33431,39.75059672,-105.0009766,4,250,23/04/2023 23:37:03,246.952,1.50111,0.862,200.7596027,0.168,1,0,41.48392208,10.29635599
DECO_33447,39.75134315,-105.0000887,4,250,23/04/2023 23:37:03,201.909,1.95618,0.953,227.0210877,0.0077,1,0,41.48392208,10.31442914
DECO_33449,39.75097559,-104.9996073,4,70,23/04/2023 23:37:03,192.777,0.51664,0.932,50.46304663,0.1502,1,0,41.48392208,2.884111081
DECO_33450,39.75104753,-104.9999492,4,70,23/04/2023 23:37:03,196.182,0.57357,0.87,59.80274303,0.1758,1,0,41.48392208,2.890143513
DECO_33456,39.74029122,-104.9987965,4,70,23/04/2023 23:37:03,220.518,0.47849,0.963,50.48227075,0.1622,1,0,41.48392208,2.887577448
DECO_33459,39.74189205,-104.9992079,4,250,23/04/2023 23:37:03,232.919,1.41234,0.95,163.6624644,0.1447,1,0,41.48392208,10.28680503
DECO_33462,39.74114916,-104.9993224,4,250,23/04/2023 23:37:03,214.488,1.62905,0.996,185.2704264,0.0247,1,0,41.48392208,10.31210366
DECO_33468,39.74938773,-105.0008238,4,250,23/04/2023 23:37:03,243.696,1.53029,0.873,204.009149,0.1486,1,0,41.48392208,10.31540525
DECO_33474,39.74989768,-105.0001742,4,70,23/04/2023 23:37:03,239.106,0.4338,0.88,56.23426367,0.1491,1,0,41.48392208,2.888935942
DECO_33477,39.75078824,-104.9996182,4,70,23/04/2023 23:37:03,248.926,0.39634,1,42.65535233,0.1998,1,0,41.48392208,2.883102733
DECO_33478,39.75072756,-104.9993217,4,70,23/04/2023 23:37:03,243.506,0.46424,0.991,61.74643256,0.003,1,0,41.48392208,2.887519044
DECO_33481,39.75062648,-104.9993861,4,70,23/04/2023 23:37:03,199.214,0.53181,0.915,60.70159058,0.0604,1,0,41.48392208,2.8829403
DECO_33482,39.75066712,-104.9992147,4,250,23/04/2023 23:37:03,237.726,1.4981,0.984,175.3824305,0.1106,1,0,41.48392208,10.30787486
DECO_33486,39.74128258,-104.9988947,4,250,23/04/2023 23:37:03,193.473,2.07255,0.954,205.7987612,0.1127,1,0,41.48392208,10.30084577
DECO_33489,39.74031796,-104.9988512,4,250,23/04/2023 23:37:03,222.121,1.68606,0.896,203.9987239,0.1281,1,0,41.48392208,10.30677805
DECO_33491,39.74047074,-104.9989463,4,250,23/04/2023 23:37:03,197.786,1.76988,0.935,186.2936185,0.1038,1,0,41.48392208,10.29520473
DECO_33494,39.7487355,-105.0015608,4,150,23/04/2023 23:37:03,197.765,1.05993,0.985,92.93182106,0.1981,1,0,41.48392208,6.182153306
DECO_33495,39.74935954,-105.0022923,4,150,23/04/2023 23:37:03,237.995,0.86421,0.993,97.94652859,0.1281,1,0,41.48392208,6.18743542
DECO_33496,39.74869868,-105.0015245,4,150,23/04/2023 23:37:03,210.629,1.08276,0.907,136.8013069,0.0264,1,0,41.48392208,6.168013599
DECO_33500,39.75073389,-105.0007953,4,70,23/04/2023 23:37:03,227.11,0.41814,0.917,47.93861715,0.17,1,0,41.48392208,2.886839665
DECO_33501,39.75084733,-105.0006707,4,70,23/04/2023 23:37:03,211.203,0.55911,0.949,62.31185917,0.0941,1,0,41.48392208,2.889343303
DECO_33503,39.75103021,-105.0004795,4,70,23/04/2023 23:37:03,231.8,0.43612,0.945,56.25948737,0.0499,1,0,41.48392208,2.880987083
DECO_33520,39.75000641,-104.9985685,4,70,23/04/2023 23:37:03,191.447,0.58386,0.922,61.33263532,0.0919,1,0,41.48392208,2.885421175
DECO_33536,39.7599128,-105.003141,4,100,23/04/2023 23:37:03,211.376,0.61686,0.996,70.65407354,0.0033,1,0,41.48392208,4.127995637
DECO_33540,39.74974347,-105.0001036,4,250,23/04/2023 23:37:03,191.505,2.17871,0.916,221.8498762,0.1269,1,0,41.48392208,10.31354886
DECO_33543,39.75110785,-105.0003573,4,70,23/04/2023 23:37:03,228.657,0.4788,0.852,58.84784235,0.1837,1,0,41.48392208,2.887050072
DECO_33547,39.75117378,-104.9997696,4,200,23/04/2023 23:37:03,229.098,1.43865,0.922,191.2821651,0.0395,1,0,41.48392208,8.25691877
DECO_33548,39.75123587,-104.9996621,4,200,23/04/2023 23:37:03,222.312,1.50384,0.944,169.6242605,0.135,1,0,41.48392208,8.232394265
DECO_33561,39.74251792,-104.9993317,4,250,23/04/2023 23:37:03,205.85,2.05665,0.906,257.0446563,0.0158,1,0,41.48392208,10.29924152
DECO_33562,39.74866883,-105.0014909,4,150,23/04/2023 23:37:03,211.826,1.01935,0.934,106.1688443,0.1731,1,0,41.48392208,6.194639343
DECO_33566,39.74224105,-105.0001808,4,250,23/04/2023 23:37:03,243.22,1.64494,0.951,200.6038498,0.1368,1,0,41.48392208,10.30543263
DECO_33571,39.74192667,-105.0000645,4,250,23/04/2023 23:37:03,206.592,1.68403,0.923,169.54578,0.1924,1,0,41.48392208,10.30120164
DECO_33574,39.7485788,-105.0018604,4,70,23/04/2023 23:37:03,215.981,0.49296,0.873,60.88510967,0.11,1,0,41.48392208,2.879497203
DECO_33577,39.74871467,-105.0017986,4,150,23/04/2023 23:37:03,205.113,1.01409,0.867,108.6778384,0.1926,1,0,41.48392208,6.186192581
DECO_33578,39.74868124,-105.0017795,4,150,23/04/2023 23:37:03,211.351,0.98969,0.952,97.4290081,0.197,1,0,41.48392208,6.190521252
DECO_33581,39.74865556,-105.0017457,4,150,23/04/2023 23:37:03,225.947,1.12005,0.896,145.0127417,0.0828,1,0,41.48392208,6.192235322
DECO_33609,39.75910673,-105.0028239,4,250,23/04/2023 23:37:03,214.287,1.63001,0.884,216.6880778,0.0216,1,0,41.48392208,10.30595137
DECO_33613,39.75959098,-105.0029815,4,100,23/04/2023 23:37:03,242.536,0.65222,0.91,83.89243989,0.1359,1,0,41.48392208,4.120793217
DECO_33616,39.75229766,-105.0037047,4,250,23/04/2023 23:37:03,231.546,1.5262,0.916,209.1635347,0.0281,1,0,41.48392208,10.32116396
DECO_33620,39.7524446,-105.0038932,4,250,23/04/2023 23:37:03,240.426,1.36786,0.917,175.9972314,0.1201,1,0,41.48392208,10.31046911
DECO_33624,39.75255522,-105.0039841,4,70,23/04/2023 23:37:03,197.209,0.59984,0.968,58.73682313,0.1242,1,0,41.48392208,2.884861244
DECO_33637,39.75296759,-105.0045256,4,70,23/04/2023 23:37:03,224.439,0.4778,0.94,60.05309432,0.0505,1,0,41.48392208,2.890725396
DECO_33639,39.75298991,-105.0045569,4,70,23/04/2023 23:37:03,219.466,0.46975,0.964,47.75371166,0.1877,1,0,41.48392208,2.887385293
DECO_33641,39.75283815,-105.0047518,4,70,23/04/2023 23:37:03,220.397,0.43639,0.901,55.54866395,0.0697,1,0,41.48392208,2.879703493
DECO_33642,39.75302718,-105.0046074,4,70,23/04/2023 23:37:03,240.936,0.43843,0.994,52.68677382,0.0854,1,0,41.48392208,2.882597634
DECO_33645,39.75307033,-105.004676,4,70,23/04/2023 23:37:03,221.641,0.47641,0.964,58.21357275,0.0332,1,0,41.48392208,2.892886496
DECO_33657,39.74856518,-105.0022317,4,70,23/04/2023 23:37:03,246.306,0.44838,0.994,55.08943938,0.0853,1,0,41.48392208,2.888986312
DECO_33667,39.75048016,-105.0037655,4,70,23/04/2023 23:37:03,243.465,0.45284,0.927,65.28968544,0.0134,1,0,41.48392208,2.883106091
DECO_33689,39.75164084,-105.0004691,4,70,23/04/2023 23:37:03,190.821,0.47834,0.904,56.12501301,0.0058,1,0,41.48392208,2.878808384
DECO_33693,39.75270707,-105.0041689,4,70,23/04/2023 23:37:03,207.089,0.50073,0.886,61.12248029,0.0681,1,0,41.48392208,2.888320519
DECO_33694,39.75266534,-105.0045341,4,70,23/04/2023 23:37:03,238.897,0.44893,0.909,52.88430837,0.1976,1,0,41.48392208,2.884600172
DECO_33700,39.75268325,-105.0043553,4,250,23/04/2023 23:37:03,196.334,2.06677,0.857,224.9922101,0.1531,1,0,41.48392208,10.28402892
DECO_33711,39.75260254,-105.0036428,4,165,23/04/2023 23:37:03,240.931,0.99141,0.862,146.6796232,0.0566,1,0,41.48392208,6.800595654
DECO_33712,39.75251962,-105.0034494,4,28,23/04/2023 23:37:03,246.581,0.15368,0.988,20.24878489,0.0291,1,0,41.48392208,1.153137033
DECO_33715,39.75305505,-105.0047927,4,250,23/04/2023 23:37:03,191.278,1.81097,0.98,169.7976694,0.12,1,0,41.48392208,10.33165182
DECO_33719,39.75058484,-105.0043105,4,150,23/04/2023 23:37:03,239.616,0.93067,0.961,104.9171935,0.1785,1,0,41.48392208,6.18332834
DECO_33724,39.74976507,-105.000348,4,250,23/04/2023 23:37:03,199.497,1.76355,0.877,208.8235271,0.0718,1,0,41.48392208,10.29848063
DECO_33725,39.74981094,-105.0004758,4,70,23/04/2023 23:37:03,192.387,0.4757,0.941,47.59058742,0.1171,1,0,41.48392208,2.882911349
DECO_33727,39.75149395,-105.0013135,4,250,23/04/2023 23:37:03,240.658,1.49109,0.97,196.9100197,0.0293,1,0,41.48392208,10.31214505
DECO_33728,39.75172588,-105.0012709,4,70,23/04/2023 23:37:03,243.697,0.46327,0.964,57.00074351,0.1146,1,0,41.48392208,2.885649702
DECO_33733,39.75190565,-105.0007373,4,250,23/04/2023 23:37:03,193.48,2.17487,0.916,249.8815528,0.0249,1,0,41.48392208,10.30461419
DECO_33734,39.74235489,-104.9991833,4,60,23/04/2023 23:37:03,226.1,0.40976,0.889,51.23277946,0.1225,1,0,41.48392208,2.480086593
DECO_33736,39.75178079,-105.0008999,4,250,23/04/2023 23:37:03,245.021,1.35724,0.932,180.7299492,0.0885,1,0,41.48392208,10.30049578
DECO_33738,39.74133093,-104.999096,4,150,23/04/2023 23:37:03,193.679,1.25974,0.88,152.6416954,0.0181,1,0,41.48392208,6.180811308
DECO_33742,39.75075767,-105.0041111,4,150,23/04/2023 23:37:03,228.926,1.01572,0.898,128.4571107,0.1135,1,0,41.48392208,6.183678367
DECO_33746,39.74219087,-104.9995251,4,150,23/04/2023 23:37:03,236.108,1.02156,0.888,144.1370489,0.0529,1,0,41.48392208,6.183136038
DECO_33750,39.75058598,-104.9990127,4,250,23/04/2023 23:37:03,239.075,1.43176,0.924,170.1191604,0.1753,1,0,41.48392208,10.30536667
DECO_33753,39.75053451,-104.9993109,4,250,23/04/2023 23:37:03,230.34,1.64391,0.853,203.1529323,0.1843,1,0,41.48392208,10.31252758
DECO_33755,39.7502383,-104.9988797,4,70,23/04/2023 23:37:03,242.627,0.47385,0.921,67.49997077,0.0296,1,0,41.48392208,2.881305656
DECO_33758,39.75044093,-104.9991664,4,250,23/04/2023 23:37:03,212.108,1.63314,0.984,187.2557777,0.0237,1,0,41.48392208,10.3072399
DECO_33762,39.7497451,-104.9983294,4,250,23/04/2023 23:37:03,249.514,1.45185,0.898,199.2917302,0.1172,1,0,41.48392208,10.30463216
DECO_33764,39.74988365,-104.998425,4,250,23/04/2023 23:37:03,241.046,1.71017,0.86,234.5817322,0.1278,1,0,41.48392208,10.30192945
DECO_33767,39.74963965,-104.9984848,4,70,23/04/2023 23:37:03,231.007,0.45934,0.858,58.53852136,0.1564,1,0,41.48392208,2.883744826
DECO_33769,39.74978682,-104.9985493,4,70,23/04/2023 23:37:03,215.466,0.46492,0.96,55.94106179,0.0263,1,0,41.48392208,2.891312867
DECO_33772,39.74940406,-105.0023966,4,150,23/04/2023 23:37:03,195.649,1.26914,0.925,133.2100346,0.1086,1,0,41.48392208,6.187349189
DECO_33774,39.74208501,-104.999855,4,250,23/04/2023 23:37:03,235.405,1.80294,0.857,234.5516771,0.1559,1,0,41.48392208,10.31295598
DECO_33775,39.74875587,-105.00159,4,150,23/04/2023 23:37:03,211.557,0.98836,0.932,116.3279956,0.0669,1,0,41.48392208,6.185083433
DECO_33776,39.74938936,-105.0023458,4,150,23/04/2023 23:37:03,247.027,0.8672,0.856,117.7516869,0.1614,1,0,41.48392208,6.190920476
DECO_33783,39.75277273,-105.0034341,4,28,23/04/2023 23:37:03,207.427,0.22455,0.896,25.01340876,0.1404,1,0,41.48392208,1.154384822
DECO_33787,39.75264584,-105.0032399,4,165,23/04/2023 23:37:03,217.685,1.04987,0.99,101.7856398,0.1883,1,0,41.48392208,6.787361225
DECO_33793,39.75287029,-105.0031713,4,28,23/04/2023 23:37:03,233.708,0.19118,0.947,24.94512418,0.0442,1,0,41.48392208,1.156639434
DECO_33804,39.74785358,-105.0007038,4,250,23/04/2023 23:37:03,211.883,1.83864,0.967,185.7115624,0.1604,1,0,41.48392208,10.31498915
DECO_33806,39.75300503,-105.0024669,4,70,23/04/2023 23:37:03,206.17,0.48693,0.888,53.13193501,0.1612,1,0,41.48392208,2.887591791
DECO_33807,39.75235502,-105.0013556,4,70,23/04/2023 23:37:03,202.062,0.50275,0.897,54.49904999,0.1402,1,0,41.48392208,2.890088999
DECO_33809,39.7527651,-105.0019259,4,250,23/04/2023 23:37:03,197.681,1.99396,0.98,193.6523319,0.118,1,0,41.48392208,10.31964954
DECO_33812,39.75242432,-105.0014604,4,70,23/04/2023 23:37:03,201.982,0.5117,0.94,55.17223794,0.0949,1,0,41.48392208,2.885048491
DECO_33813,39.75267746,-105.001824,4,70,23/04/2023 23:37:03,243.599,0.43093,0.937,51.89039115,0.1653,1,0,41.48392208,2.882503778
DECO_33814,39.75254086,-105.0016962,4,70,23/04/2023 23:37:03,190.052,0.49764,0.946,54.17624838,0.0207,1,0,41.48392208,2.896792773
DECO_33816,39.75247871,-105.0016015,4,70,23/04/2023 23:37:03,193.571,0.6017,0.934,63.87545682,0.0777,1,0,41.48392208,2.887215085
DECO_33821,39.74147453,-104.9990261,4,250,23/04/2023 23:37:03,226.853,1.80473,0.949,233.6377308,0.0203,1,0,41.48392208,10.30052114
DECO_33824,39.74187747,-104.9997048,4,250,23/04/2023 23:37:03,210.877,1.98226,0.858,256.0840237,0.0632,1,0,41.48392208,10.29319805
DECO_33826,39.74234233,-104.9994875,4,250,23/04/2023 23:37:03,235.105,1.55859,0.997,189.0822792,0.0494,1,0,41.48392208,10.32049191
DECO_33833,39.74949132,-104.9986754,4,70,23/04/2023 23:37:03,196.863,0.52447,0.887,54.35315863,0.1667,1,0,41.48392208,2.889754861
DECO_33836,39.749012,-104.9992809,4,70,23/04/2023 23:37:03,213.481,0.48353,0.866,54.00981166,0.1924,1,0,41.48392208,2.88803584
DECO_33839,39.74895252,-104.999358,4,250,23/04/2023 23:37:03,192.831,2.04354,0.981,200.2133845,0.0865,1,0,41.48392208,10.31058934
DECO_33840,39.74865363,-105.0026979,4,250,23/04/2023 23:37:03,235.163,1.71421,0.887,240.2522941,0.0566,1,0,41.48392208,10.2836371
DECO_33856,39.75203864,-105.0011936,4,70,23/04/2023 23:37:03,222.04,0.41205,0.983,47.91384546,0.0556,1,0,41.48392208,2.892861048
DECO_33859,39.7520583,-105.0009409,4,250,23/04/2023 23:37:03,248.435,1.38114,0.857,188.8596654,0.1593,1,0,41.48392208,10.30986174
DECO_33860,39.74193606,-104.999019,4,60,23/04/2023 23:37:03,231.016,0.39467,0.961,44.9005533,0.1401,1,0,41.48392208,2.470597032
DECO_33861,39.75259029,-105.0019436,4,70,23/04/2023 23:37:03,242.397,0.42715,0.936,61.30230805,0.0016,1,0,41.48392208,2.880842632
DECO_33875,39.7479322,-105.0012036,4,150,23/04/2023 23:37:03,219.494,1.06516,0.957,133.9740075,0.0051,1,0,41.48392208,6.197946313
DECO_33877,39.74790041,-105.0011913,4,150,23/04/2023 23:37:03,204.002,1.01534,0.959,118.2736242,0.0058,1,0,41.48392208,6.188117844
DECO_33878,39.74836273,-105.0010258,4,250,23/04/2023 23:37:03,195.034,2.12029,0.943,212.0441036,0.127,1,0,41.48392208,10.29090033
DECO_33879,39.74785628,-105.0011706,4,150,23/04/2023 23:37:03,232.178,0.84278,0.94,95.89147436,0.1691,1,0,41.48392208,6.202454275
DECO_33880,39.74844952,-105.0011016,4,250,23/04/2023 23:37:03,214.554,1.7723,0.922,218.6856145,0.0482,1,0,41.48392208,10.27801188
DECO_33884,39.7480063,-105.0010332,4,150,23/04/2023 23:37:03,229.639,0.85022,0.929,106.0450007,0.0927,1,0,41.48392208,6.187265344
DECO_33891,39.76003802,-105.0034042,4,150,23/04/2023 23:37:03,197.041,1.00347,0.902,116.1735357,0.0524,1,0,41.48392208,6.186856887
DECO_33896,39.74158149,-104.9998302,4,250,23/04/2023 23:37:03,196.255,2.10131,0.965,206.0339658,0.1226,1,0,41.48392208,10.31630211
DECO_33898,39.75107306,-105.0018174,4,70,23/04/2023 23:37:03,245.07,0.46456,0.956,55.2921402,0.158,1,0,41.48392208,2.881943289
DECO_33899,39.75119638,-105.0019655,4,70,23/04/2023 23:37:03,192.274,0.49092,0.865,53.65224548,0.1237,1,0,41.48392208,2.882323975
DECO_33900,39.74122181,-104.9996443,4,250,23/04/2023 23:37:03,222.178,1.55938,0.953,187.6792363,0.0648,1,0,41.48392208,10.27682439
DECO_33902,39.7513602,-105.0014605,4,70,23/04/2023 23:37:03,217.901,0.45642,0.901,49.66061422,0.1957,1,0,41.48392208,2.879447219
DECO_33904,39.75131487,-105.0018114,4,250,23/04/2023 23:37:03,208.276,1.57847,0.852,197.4946521,0.0877,1,0,41.48392208,10.29535617
DECO_33906,39.74210515,-104.9996707,4,150,23/04/2023 23:37:03,227.695,0.90886,0.881,116.3255986,0.1167,1,0,41.48392208,6.181813884
DECO_33915,39.74823165,-105.0044674,4,250,23/04/2023 23:37:03,218.904,1.61965,0.854,226.1267799,0.0292,1,0,41.48392208,10.31610517
DECO_33954,39.74896068,-104.9996765,4,250,23/04/2023 23:37:03,230.521,1.79025,0.85,254.9370001,0.064,1,0,41.48392208,10.30251224
DECO_33955,39.74907366,-104.9995296,4,250,23/04/2023 23:37:03,220.877,1.59712,0.853,188.728481,0.1866,1,0,41.48392208,10.31306961
DECO_33956,39.74902562,-104.999755,4,250,23/04/2023 23:37:03,217.638,1.87331,0.922,204.5408599,0.1697,1,0,41.48392208,10.31446217
DECO_33957,39.74913263,-104.9996119,4,70,23/04/2023 23:37:03,205.459,0.4492,0.867,58.55321961,0.0196,1,0,41.48392208,2.892729578
DECO_33958,39.74931431,-104.9998407,4,250,23/04/2023 23:37:03,205.666,1.83051,0.961,204.5244794,0.0514,1,0,41.48392208,10.3224917
DECO_33959,39.74935022,-105.0001657,4,250,23/04/2023 23:37:03,225.42,1.62713,0.954,193.4042024,0.0884,1,0,41.48392208,10.30874664
DECO_33960,39.7493891,-105.0002988,4,250,23/04/2023 23:37:03,227.055,1.73031,0.946,205.9287164,0.1039,1,0,41.48392208,10.30556938
DECO_33966,39.76027419,-105.0029813,4,150,23/04/2023 23:37:03,229.285,0.97481,0.874,135.2498094,0.0571,1,0,41.48392208,6.177793023
DECO_33972,39.74202837,-104.9875311,4,250,23/04/2023 23:37:03,221.891,1.55436,0.887,196.1412609,0.0998,1,0,41.48392208,10.29508749
DECO_33977,39.75245804,-105.0037817,4,28,23/04/2023 23:37:03,230.083,0.16191,0.958,18.73719578,0.1255,1,0,41.48392208,1.154847795
DECO_33980,39.7529894,-105.0029138,4,28,23/04/2023 23:37:03,229.879,0.20026,0.861,26.89238282,0.1036,1,0,41.48392208,1.154723725
DECO_33983,39.75272232,-105.0026631,4,28,23/04/2023 23:37:03,231.646,0.1856,0.869,26.7902803,0.0348,1,0,41.48392208,1.151456663
DECO_33984,39.74752633,-105.0029348,4,70,23/04/2023 23:37:03,208.379,0.49889,0.941,51.91021591,0.1522,1,0,41.48392208,2.886326926
DECO_33989,39.74827927,-105.0041825,4,250,23/04/2023 23:37:03,205.854,1.771,0.862,212.933246,0.1027,1,0,41.48392208,10.35531447
DECO_33994,39.74967434,-105.0005847,4,70,23/04/2023 23:37:03,215.18,0.54713,0.994,55.9472104,0.1286,1,0,41.48392208,2.881614983
DECO_33995,39.74992691,-105.0006427,4,250,23/04/2023 23:37:03,224.777,1.76178,0.982,185.8602802,0.1549,1,0,41.48392208,10.31660551
DECO_33996,39.74996272,-105.0009452,4,70,23/04/2023 23:37:03,227.04,0.42867,0.99,52.78191471,0.0116,1,0,41.48392208,2.88922846
DECO_33997,39.75018827,-105.0012461,4,250,23/04/2023 23:37:03,236.585,1.53441,0.932,212.8709926,0.0165,1,0,41.48392208,10.30580768
DECO_33998,39.75013132,-105.0011661,4,70,23/04/2023 23:37:03,208.834,0.48003,0.878,58.35386728,0.0886,1,0,41.48392208,2.894671039
DECO_33999,39.75024782,-105.0014323,4,250,23/04/2023 23:37:03,195.648,1.83027,0.9,188.0452854,0.1552,1,0,41.48392208,10.31775148
DECO_34000,39.7506195,-105.0018162,4,70,23/04/2023 23:37:03,237.954,0.47329,0.916,64.97159578,0.0527,1,0,41.48392208,2.886619401
DECO_34001,39.75073639,-105.0016677,4,250,23/04/2023 23:37:03,223.958,1.64222,0.936,191.6693051,0.1212,1,0,41.48392208,10.30409755
DECO_34002,39.75081004,-105.0020913,4,250,23/04/2023 23:37:03,198.073,1.79741,0.931,194.5722928,0.0846,1,0,41.48392208,10.30805057
DECO_34003,39.75099011,-105.0019693,4,250,23/04/2023 23:37:03,233.584,1.53531,0.871,207.0006531,0.1038,1,0,41.48392208,10.29956794
DECO_34004,39.7509088,-105.002291,4,250,23/04/2023 23:37:03,245.338,1.699,0.88,257.4829524,0.0305,1,0,41.48392208,10.30399535
DECO_34023,39.74101867,-104.9987713,4,250,23/04/2023 23:37:03,249.179,1.40811,0.895,212.5412255,0.0316,1,0,41.48392208,10.30716979
DECO_34027,39.74951404,-105.0001069,4,70,23/04/2023 23:37:03,214.606,0.53952,0.877,68.13849655,0.0797,1,0,41.48392208,2.888261307
DECO_34028,39.74963365,-105.0002082,4,250,23/04/2023 23:37:03,220.107,1.69825,0.972,175.9050853,0.1651,1,0,41.48392208,10.30996792
DECO_34029,39.74938497,-105.0004295,4,250,23/04/2023 23:37:03,225.418,1.54087,0.876,221.4652865,0.0041,1,0,41.48392208,10.31877439
DECO_34030,39.74959408,-105.0005663,4,250,23/04/2023 23:37:03,207.381,1.603,0.859,196.9267574,0.0931,1,0,41.48392208,10.31918718
DECO_34031,39.7500849,-105.0008291,4,70,23/04/2023 23:37:03,196.489,0.51255,0.958,50.02924818,0.1363,1,0,41.48392208,2.883893339
DECO_34032,39.75019404,-105.0009965,4,70,23/04/2023 23:37:03,219.75,0.45596,0.853,63.23988933,0.0404,1,0,41.48392208,2.882213675
DECO_34033,39.75012637,-105.0010828,4,70,23/04/2023 23:37:03,211.151,0.54006,0.892,61.52341696,0.1407,1,0,41.48392208,2.880580702
DECO_34034,39.7497913,-105.0006647,4,70,23/04/2023 23:37:03,205.022,0.51329,0.971,56.98518148,0.0407,1,0,41.48392208,2.888212013
DECO_34035,39.74985667,-105.0007338,4,70,23/04/2023 23:37:03,197.964,0.55005,0.886,62.46930742,0.093,1,0,41.48392208,2.885098989
DECO_34036,39.75006839,-105.0010058,4,70,23/04/2023 23:37:03,210.004,0.52728,0.938,52.8148435,0.1935,1,0,41.48392208,2.879168683
DECO_34037,39.74986167,-105.0008073,4,70,23/04/2023 23:37:03,214.8,0.45544,0.916,53.81621085,0.0967,1,0,41.48392208,2.887536321
DECO_34047,39.74919924,-104.9993199,4,250,23/04/2023 23:37:03,198.824,1.64649,0.974,149.7011163,0.1863,1,0,41.48392208,10.31474986
DECO_34048,39.74932358,-104.9991551,4,70,23/04/2023 23:37:03,249.832,0.47591,0.896,66.25762694,0.108,1,0,41.48392208,2.88743763
DECO_34049,39.75312692,-105.0028866,4,28,23/04/2023 23:37:03,215.609,0.2147,0.893,24.85396633,0.1438,1,0,41.48392208,1.15320386
DECO_34053,39.75254443,-105.0026328,4,165,23/04/2023 23:37:03,204.251,1.07139,0.897,111.6368123,0.1824,1,0,41.48392208,6.78659973
DECO_34056,39.75270848,-105.0029873,4,165,23/04/2023 23:37:03,229.496,1.15926,0.93,158.383046,0.0042,1,0,41.48392208,6.811034585
DECO_34059,39.7522395,-105.0025562,4,28,23/04/2023 23:37:03,190.872,0.22377,0.969,21.67976099,0.1034,1,0,41.48392208,1.155993315
DECO_34061,39.75258741,-105.0029451,4,28,23/04/2023 23:37:03,231.101,0.15823,0.977,18.10276052,0.1152,1,0,41.48392208,1.154778945
DECO_34066,39.75196147,-105.0025847,4,165,23/04/2023 23:37:03,210.203,1.14884,0.984,107.7450169,0.1942,1,0,41.48392208,6.807247347
DECO_34072,39.7511106,-105.002127,4,250,23/04/2023 23:37:03,203.328,1.87607,0.859,245.7276725,0.0138,1,0,41.48392208,10.29218246
DECO_34073,39.75081746,-105.0024153,4,70,23/04/2023 23:37:03,196.526,0.51996,0.909,57.79176476,0.0797,1,0,41.48392208,2.884083747
DECO_34074,39.75049862,-105.0028648,4,70,23/04/2023 23:37:03,237.452,0.40899,0.992,52.53943619,0.011,1,0,41.48392208,2.887970094
DECO_34076,39.75103552,-105.0024253,4,70,23/04/2023 23:37:03,197.983,0.52379,0.945,51.60676368,0.1504,1,0,41.48392208,2.883617422
DECO_34077,39.75153673,-105.0027161,4,70,23/04/2023 23:37:03,195.362,0.51902,0.999,49.86056157,0.0913,1,0,41.48392208,2.883566913
DECO_34079,39.75121343,-105.0025779,4,70,23/04/2023 23:37:03,199.405,0.5076,0.955,52.50102271,0.102,1,0,41.48392208,2.887350021
DECO_34080,39.7514582,-105.0029644,4,250,23/04/2023 23:37:03,225.074,1.6247,0.94,179.3746892,0.1683,1,0,41.48392208,10.31501988
DECO_34082,39.74150376,-104.9987966,4,250,23/04/2023 23:37:03,221.576,1.71063,0.921,198.4808714,0.1345,1,0,41.48392208,10.31592731
DECO_34086,39.75210458,-105.0005176,4,70,23/04/2023 23:37:03,198.739,0.56124,0.992,57.77453088,0.0531,1,0,41.48392208,2.886193385
DECO_34087,39.75224645,-105.0003378,4,250,23/04/2023 23:37:03,194.298,2.00186,0.997,191.5421428,0.0928,1,0,41.48392208,10.32775015
DECO_34089,39.7524001,-105.0001179,4,70,23/04/2023 23:37:03,241.723,0.43709,0.901,55.01959586,0.1612,1,0,41.48392208,2.887325058
DECO_34091,39.75271526,-104.9997026,4,250,23/04/2023 23:37:03,212.172,1.99546,0.93,244.2018722,0.0352,1,0,41.48392208,10.31647015
DECO_34094,39.74136238,-104.999426,4,250,23/04/2023 23:37:03,192.718,1.88653,0.973,197.4625003,0.035,1,0,41.48392208,10.311931
DECO_34095,39.74212146,-104.9993885,4,250,23/04/2023 23:37:03,245.86,1.6594,0.917,199.3518306,0.1966,1,0,41.48392208,10.30068794
DECO_34098,39.75160946,-105.0011434,4,70,23/04/2023 23:37:03,202.884,0.47123,0.905,50.02451358,0.1529,1,0,41.48392208,2.884266554
DECO_34099,39.74029007,-104.9991696,4,250,23/04/2023 23:37:03,202.64,1.74975,0.913,177.3433378,0.1819,1,0,41.48392208,10.29465652
DECO_34100,39.75173398,-105.0009754,4,70,23/04/2023 23:37:03,205.696,0.57355,0.935,65.63629212,0.0631,1,0,41.48392208,2.888222652
DECO_34102,39.75217274,-105.0013858,4,70,23/04/2023 23:37:03,249.401,0.47591,0.94,68.72231208,0.0183,1,0,41.48392208,2.889250524
DECO_34107,39.74883539,-104.9997754,4,70,23/04/2023 23:37:03,249.494,0.42472,0.894,61.48127758,0.0736,1,0,41.48392208,2.875605224
DECO_34110,39.74802795,-105.0005348,4,250,23/04/2023 23:37:03,212.438,1.76842,0.949,207.8465855,0.0502,1,0,41.48392208,10.29874322
DECO_34117,39.74868272,-104.9999655,4,70,23/04/2023 23:37:03,190.823,0.62042,0.894,73.9179006,0.0031,1,0,41.48392208,2.893518531
DECO_34121,39.74839727,-105.000331,4,70,23/04/2023 23:37:03,246.594,0.40423,0.922,52.77940871,0.1237,1,0,41.48392208,2.890586715
DECO_34122,39.74822051,-105.0003144,4,250,23/04/2023 23:37:03,208.095,1.73355,0.983,190.8804025,0.0458,1,0,41.48392208,10.34375108
DECO_34123,39.74826925,-105.0004917,4,70,23/04/2023 23:37:03,190.122,0.56586,0.986,55.00579992,0.0738,1,0,41.48392208,2.884425746
DECO_34124,39.74813332,-105.0004315,4,70,23/04/2023 23:37:03,246.438,0.44999,0.954,64.11854782,0.0004,1,0,41.48392208,2.881931936
DECO_34127,39.74176456,-104.9989256,4,60,23/04/2023 23:37:03,238.08,0.41604,0.888,51.21676775,0.1805,1,0,41.48392208,2.478663795
DECO_34129,39.75279622,-105.0021961,4,70,23/04/2023 23:37:03,237.908,0.39703,0.955,49.61592463,0.0906,1,0,41.48392208,2.885498625
DECO_34130,39.75223092,-105.0012088,4,70,23/04/2023 23:37:03,192.122,0.57487,0.992,58.43977391,0.0327,1,0,41.48392208,2.880713663
DECO_34131,39.75291538,-105.0023517,4,70,23/04/2023 23:37:03,225.45,0.50476,0.941,54.86654161,0.1814,1,0,41.48392208,2.882739871
DECO_34134,39.75195704,-105.0007117,4,70,23/04/2023 23:37:03,228.392,0.50637,0.929,64.43486074,0.0693,1,0,41.48392208,2.887847069
DECO_34136,39.75293872,-104.9994718,4,70,23/04/2023 23:37:03,244.817,0.4442,0.882,56.69300984,0.1798,1,0,41.48392208,2.892330131
DECO_34137,39.75309892,-104.999278,4,70,23/04/2023 23:37:03,234.492,0.43394,0.97,49.47494139,0.1399,1,0,41.48392208,2.8856389
DECO_34142,39.75150346,-105.0032963,4,250,23/04/2023 23:37:03,219.68,1.67645,0.868,237.564777,0.002,1,0,41.48392208,10.31977584
DECO_34144,39.75136875,-105.0031171,4,70,23/04/2023 23:37:03,228.477,0.45986,0.88,57.96666698,0.1341,1,0,41.48392208,2.885701354
DECO_34145,39.75131117,-105.0031944,4,70,23/04/2023 23:37:03,245.692,0.40306,0.924,53.68027479,0.1005,1,0,41.48392208,2.885322438
DECO_34146,39.75119058,-105.003712,4,70,23/04/2023 23:37:03,248.669,0.39656,0.89,56.53125315,0.0892,1,0,41.48392208,2.883594518
DECO_34147,39.75112709,-105.0033989,4,70,23/04/2023 23:37:03,204.942,0.44746,0.985,49.23925554,0.0288,1,0,41.48392208,2.880898247
DECO_34149,39.75104452,-105.0035185,4,70,23/04/2023 23:37:03,227.102,0.40815,0.858,49.30496999,0.1866,1,0,41.48392208,2.886407272
DECO_34151,39.75101152,-105.0039571,4,250,23/04/2023 23:37:03,218.478,1.80378,0.858,246.4771236,0.0436,1,0,41.48392208,10.33903878
DECO_34153,39.74859614,-105.001334,4,70,23/04/2023 23:37:03,213.835,0.47128,0.857,53.93780231,0.1825,1,0,41.48392208,2.883306541
DECO_34156,39.74864314,-105.0012398,4,70,23/04/2023 23:37:03,249.026,0.38736,0.909,49.4096359,0.1665,1,0,41.48392208,2.892048395
DECO_34160,39.7485516,-105.0010191,4,200,23/04/2023 23:37:03,246.09,1.37085,0.964,172.3840272,0.1039,1,0,41.48392208,8.237203589
DECO_34171,39.75263557,-105.0020115,4,250,23/04/2023 23:37:03,236.403,1.53026,0.947,177.099224,0.1619,1,0,41.48392208,10.319923
DECO_34174,39.74137513,-104.9987005,4,250,23/04/2023 23:37:03,230.638,1.72958,0.865,232.8205503,0.1002,1,0,41.48392208,10.29621908
DECO_34178,39.74110099,-104.9985755,4,60,23/04/2023 23:37:03,208.072,0.486,0.862,58.45084745,0.112,1,0,41.48392208,2.471743389
DECO_34186,39.74821717,-105.0008843,4,250,23/04/2023 23:37:03,248.318,1.60589,0.873,208.7703759,0.1852,1,0,41.48392208,10.29487634
DECO_34188,39.74827309,-105.0009445,4,250,23/04/2023 23:37:03,228.143,1.54111,0.998,153.2658698,0.1957,1,0,41.48392208,10.34580607
DECO_34190,39.74798054,-105.0012206,4,150,23/04/2023 23:37:03,246.028,0.85233,0.899,106.7343245,0.1822,1,0,41.48392208,6.176155168
DECO_34191,39.74804898,-105.0008547,4,250,23/04/2023 23:37:03,204.007,2.03478,0.971,203.1776524,0.1329,1,0,41.48392208,10.29996277
DECO_34203,39.74845362,-104.9968146,4,100,23/04/2023 23:37:03,237.078,0.61829,0.942,80.62915759,0.0648,1,0,41.48392208,4.12642941
DECO_34205,39.75200456,-104.9940012,4,250,23/04/2023 23:37:03,217.53,1.63072,0.881,198.5865043,0.1203,1,0,41.48392208,10.31130625
DECO_34207,39.7521585,-104.9938317,4,250,23/04/2023 23:37:03,193.696,2.17504,0.879,236.8799103,0.1186,1,0,41.48392208,10.33625203
DECO_34212,39.74817967,-104.9968178,4,250,23/04/2023 23:37:03,200.332,1.94269,0.979,202.5389317,0.0671,1,0,41.48392208,10.30155458
DECO_34214,39.74763375,-104.9975752,4,250,23/04/2023 23:37:03,202.276,1.68411,0.982,155.9841286,0.1755,1,0,41.48392208,10.30055185
DECO_34216,39.7524694,-104.9945374,4,70,23/04/2023 23:37:03,214.039,0.51022,0.932,55.74274915,0.1439,1,0,41.48392208,2.884850057
DECO_34217,39.75271711,-104.9945402,4,250,23/04/2023 23:37:03,243.384,1.42368,0.895,210.2839165,0.0298,1,0,41.48392208,10.32842159
DECO_34271,39.75120215,-105.0001813,4,250,23/04/2023 23:37:03,243.802,1.34947,0.912,185.2317996,0.0803,1,0,41.48392208,10.3033787
DECO_34273,39.75124611,-104.9998777,4,250,23/04/2023 23:37:03,193.31,2.07102,0.855,256.2009776,0.0248,1,0,41.48392208,10.30665859
DECO_34274,39.75113416,-104.9998159,4,70,23/04/2023 23:37:03,221.3,0.51209,0.916,60.32599412,0.1259,1,0,41.48392208,2.886570518
DECO_34276,39.75112127,-105.0000606,4,250,23/04/2023 23:37:03,216.106,1.61264,0.95,173.0394386,0.1464,1,0,41.48392208,10.30056854
DECO_34281,39.7501463,-104.9987948,4,70,23/04/2023 23:37:03,192.684,0.58626,0.983,61.15030572,0.0238,1,0,41.48392208,2.890379424
DECO_34284,39.75150107,-104.9995534,4,70,23/04/2023 23:37:03,240.785,0.4934,0.944,68.63221778,0.0151,1,0,41.48392208,2.886983449
DECO_34289,39.75171417,-104.9995408,4,250,23/04/2023 23:37:03,209.741,1.69257,0.914,200.0240188,0.0772,1,0,41.48392208,10.31858334
DECO_34290,39.75173149,-104.9992766,4,70,23/04/2023 23:37:03,210.304,0.47501,0.913,54.91178858,0.1009,1,0,41.48392208,2.88402065
DECO_34304,39.74644423,-104.9887268,4,250,23/04/2023 23:37:03,205.898,1.96362,0.992,177.8804579,0.1957,1,0,41.48392208,10.29115763
DECO_34309,39.74649807,-104.989192,4,400,23/04/2023 23:37:03,234.857,2.42815,0.903,341.1004147,0.0341,1,0,41.48392208,16.50309436
DECO_34351,39.75276131,-104.9964268,4,70,23/04/2023 23:37:03,233.797,0.40113,0.985,51.54324625,0.0059,1,0,41.48392208,2.882277411
DECO_34354,39.75267931,-104.9962355,4,70,23/04/2023 23:37:03,228.148,0.50527,0.97,53.63785551,0.1769,1,0,41.48392208,2.885033601
DECO_34356,39.75300617,-104.9961025,4,70,23/04/2023 23:37:03,218.446,0.52083,0.938,60.42256883,0.102,1,0,41.48392208,2.891659851
DECO_34358,39.75182378,-104.9994056,4,70,23/04/2023 23:37:03,236.97,0.46909,0.926,64.26577006,0.0381,1,0,41.48392208,2.88899672
DECO_34360,39.75191835,-104.9990226,4,70,23/04/2023 23:37:03,237.387,0.47606,0.963,64.22596031,0.0048,1,0,41.48392208,2.886545958
DECO_34363,39.75212567,-104.9990074,4,250,23/04/2023 23:37:03,231.365,1.61057,0.886,209.2018759,0.1124,1,0,41.48392208,10.30645389
DECO_34365,39.75199928,-104.998875,4,250,23/04/2023 23:37:03,228.377,1.53706,0.995,183.2615682,0.0412,1,0,41.48392208,10.30699253
DECO_34366,39.75222744,-104.9990807,4,70,23/04/2023 23:37:03,233.088,0.51018,0.906,63.89626282,0.129,1,0,41.48392208,2.882577532
DECO_34368,39.75217868,-104.9986608,4,250,23/04/2023 23:37:03,201.914,1.70502,0.977,167.1762726,0.1321,1,0,41.48392208,10.31275099
DECO_34379,39.75265683,-104.9965671,4,28,23/04/2023 23:37:03,207.189,0.19527,0.903,22.76386563,0.0914,1,0,41.48392208,1.153402191
DECO_34383,39.75259527,-104.9963537,4,250,23/04/2023 23:37:03,231.598,1.76032,0.963,193.4679664,0.169,1,0,41.48392208,10.28735811
DECO_34385,39.75286869,-104.9962774,4,250,23/04/2023 23:37:03,226.914,1.74977,0.906,205.6499677,0.1604,1,0,41.48392208,10.29590715
DECO_34387,39.75307565,-104.995686,4,70,23/04/2023 23:37:03,195.983,0.55642,0.972,60.49409024,0.0158,1,0,41.48392208,2.884854788
DECO_34390,39.75046903,-104.9973772,4,70,23/04/2023 23:37:03,231.715,0.46722,0.861,68.68239889,0.0265,1,0,41.48392208,2.89123988
DECO_34398,39.75058402,-104.9972206,4,250,23/04/2023 23:37:03,238.52,1.59458,0.871,202.7305514,0.1724,1,0,41.48392208,10.30275788
DECO_34400,39.75064116,-104.9974501,4,70,23/04/2023 23:37:03,217.626,0.45823,0.879,55.6252186,0.1256,1,0,41.48392208,2.884186001
DECO_34401,39.75067064,-104.9970687,4,250,23/04/2023 23:37:03,227.892,1.47971,0.903,200.6155255,0.0393,1,0,41.48392208,10.31517196
DECO_34414,39.74799628,-104.9956352,4,250,23/04/2023 23:37:03,240.521,1.41645,0.948,194.2140496,0.0227,1,0,41.48392208,10.33193708
DECO_34415,39.75058066,-104.9954922,4,400,23/04/2023 23:37:03,223.367,2.62557,0.995,263.8003842,0.1739,1,0,41.48392208,16.46335347
DECO_34416,39.75053285,-104.9958712,4,70,23/04/2023 23:37:03,228.347,0.51553,0.985,57.84567793,0.1112,1,0,41.48392208,2.88554865
DECO_34417,39.747752,-104.9956852,4,250,23/04/2023 23:37:03,194.841,1.98747,0.973,192.7093405,0.1158,1,0,41.48392208,10.30933688
DECO_34419,39.74789022,-104.995497,4,250,23/04/2023 23:37:03,237.109,1.52458,0.906,210.1587577,0.0576,1,0,41.48392208,10.29597403
DECO_34421,39.75098379,-104.9952902,4,70,23/04/2023 23:37:03,224.57,0.42688,1,41.5246759,0.1983,1,0,41.48392208,2.890218081
DECO_34422,39.75095879,-104.9950309,4,250,23/04/2023 23:37:03,224.06,1.48241,0.987,151.3696378,0.1732,1,0,41.48392208,10.31648196
DECO_34425,39.75279393,-104.9960774,4,70,23/04/2023 23:37:03,228.173,0.45261,0.871,58.55267026,0.1197,1,0,41.48392208,2.877349847
DECO_34428,39.75316502,-104.9958942,4,70,23/04/2023 23:37:03,208.279,0.50139,0.995,54.02448786,0.0499,1,0,41.48392208,2.885933372
DECO_34429,39.7529424,-104.995867,4,250,23/04/2023 23:37:03,217.236,1.52737,0.906,196.970187,0.0377,1,0,41.48392208,10.30943402
DECO_34434,39.75216629,-104.996909,4,250,23/04/2023 23:37:03,224.467,1.55694,0.897,200.7474853,0.0794,1,0,41.48392208,10.30617377
DECO_34435,39.75230145,-104.9970507,4,70,23/04/2023 23:37:03,241.028,0.3849,0.964,50.09818933,0.053,1,0,41.48392208,2.882152013
DECO_34438,39.75218203,-104.9971979,4,70,23/04/2023 23:37:03,209.377,0.48017,0.902,51.80819205,0.1689,1,0,24.86418656,1.721399822
DECO_34439,39.74874602,-104.9961205,4,400,23/04/2023 23:37:03,197.312,3.27153,0.854,404.1095283,0.0471,1,0,33.64891581,13.34981592
DECO_34440,39.74947381,-104.9955153,4,250,23/04/2023 23:37:03,222.085,1.52406,0.987,170.4071978,0.0866,1,0,24.86418656,6.136619454
DECO_34441,39.74849119,-104.9990674,4,70,23/04/2023 23:37:03,208.909,0.55044,0.957,55.56239355,0.1611,1,0,24.69779754,1.71223262
DECO_34444,39.74858518,-104.9992064,4,70,23/04/2023 23:37:03,244.606,0.38368,0.99,47.3391507,0.0807,1,0,24.69724198,1.715710353
DECO_34445,39.74877495,-104.9994318,4,70,23/04/2023 23:37:03,233.745,0.40739,0.939,47.7362218,0.1512,1,0,25.03057558,1.736915573
DECO_34448,39.75082049,-104.9989583,4,100,23/04/2023 23:37:03,198.768,0.65901,0.924,64.57995109,0.1819,1,0,25.36418696,2.504227256
DECO_34457,39.75004265,-104.9982439,4,250,23/04/2023 23:37:03,244.53,1.47118,0.871,224.841438,0.0296,1,0,25.53057598,6.315417557
DECO_34462,39.75017521,-104.9980484,4,70,23/04/2023 23:37:03,206.414,0.48945,0.984,53.99844596,0.0347,1,0,25.0302978,1.729853044
DECO_34463,39.74918699,-104.9976094,4,250,23/04/2023 23:37:03,231.363,1.69845,0.917,224.2288758,0.0618,1,0,34.14891621,8.456589406
DECO_34465,39.74907545,-104.9974247,4,250,23/04/2023 23:37:03,204.216,1.94701,0.998,210.3482287,0.0239,1,0,25.53057598,6.337811447
DECO_34466,39.74927276,-104.997214,4,55,23/04/2023 23:37:03,193.866,0.48082,0.989,49.18512892,0.0398,1,0,24.53057518,1.336266872
DECO_34468,39.74954426,-104.9971416,4,55,23/04/2023 23:37:03,234.542,0.35095,0.942,43.16582817,0.1084,1,0,25.03057558,1.364209353
DECO_34469,39.74909237,-104.9973153,4,100,23/04/2023 23:37:03,208.037,0.64604,0.979,71.83406138,0.0419,1,0,25.53057598,2.530881053
DECO_34470,39.74907851,-104.9971987,4,100,23/04/2023 23:37:03,217.539,0.64108,0.998,64.8368634,0.1422,1,0,24.69751976,2.43660832
DECO_34477,39.75145772,-104.9963828,4,250,23/04/2023 23:37:03,225.396,1.69524,0.984,190.601123,0.0991,1,0,24.863631,6.149766675
DECO_34478,39.75096064,-104.9970442,4,250,23/04/2023 23:37:03,246.197,1.33712,0.856,206.8206243,0.0415,1,0,24.36501949,6.047548838
DECO_34480,39.75078749,-104.9972568,4,250,23/04/2023 23:37:03,222.136,1.76146,0.96,191.1740355,0.1481,1,0,33.81530483,8.385121109
DECO_34482,39.75281939,-104.994713,4,250,23/04/2023 23:37:03,245.713,1.56934,0.957,221.9224405,0.0008,1,0,33.98169385,8.419990725
DECO_34485,39.75263045,-104.994852,4,250,23/04/2023 23:37:03,234.125,1.56819,0.851,230.1302017,0.0492,1,0,24.86390878,6.159705477
DECO_34487,39.75298839,-104.9949426,4,70,23/04/2023 23:37:03,197.433,0.57919,0.977,52.80977335,0.1746,1,0,25.53085376,1.76926941
DECO_34490,39.75317533,-104.9951913,4,250,23/04/2023 23:37:03,234.696,1.66495,0.933,192.2761001,0.1736,1,0,25.19752016,6.2301184
DECO_34491,39.75311072,-104.9953816,4,70,23/04/2023 23:37:03,211.47,0.43427,0.905,53.86625252,0.0504,1,0,24.1969638,1.678211738
DECO_34492,39.7532695,-104.9953045,4,70,23/04/2023 23:37:03,221.881,0.47585,0.882,64.0218451,0.046,1,0,25.03057558,1.726729495
DECO_34495,39.75107582,-104.9951956,4,250,23/04/2023 23:37:03,245.557,1.59829,0.933,203.3551112,0.1298,1,0,24.36390838,6.021846202
DECO_34496,39.75107532,-104.994795,4,250,23/04/2023 23:37:03,235.969,1.39149,1,173.9834899,0.0193,1,0,24.36446394,6.031592437
DECO_34498,39.75168459,-104.9940499,4,250,23/04/2023 23:37:03,226.028,1.75045,0.942,210.3005369,0.0963,1,0,24.86446434,6.175374393
DECO_34499,39.74790594,-104.9975195,4,100,23/04/2023 23:37:03,205.274,0.64719,0.918,73.35195096,0.091,1,0,33.48197123,3.316276879
DECO_34500,39.75133027,-104.9948472,4,250,23/04/2023 23:37:03,228.226,1.4499,0.938,190.5900809,0.0261,1,0,34.48169425,8.569093076
DECO_34501,39.74795656,-104.9974528,4,100,23/04/2023 23:37:03,217.45,0.63748,0.965,75.90157104,0.0384,1,0,34.48169425,3.411498588
DECO_34504,39.75155489,-104.9945549,4,400,23/04/2023 23:37:03,202.331,2.93871,0.952,329.7897435,0.0438,1,0,24.86446434,9.872160792
DECO_34505,39.74807884,-104.9972825,4,250,23/04/2023 23:37:03,249.811,1.45013,0.929,194.8710091,0.1014,1,0,25.69779834,6.358562821
DECO_34506,39.75187469,-104.9937817,4,250,23/04/2023 23:37:03,212.886,1.57615,0.987,183.1912662,0.0095,1,0,24.53057518,6.090153642
DECO_34507,39.75225727,-104.9956795,4,100,23/04/2023 23:37:03,238.317,0.65232,0.981,70.98775366,0.179,1,0,34.31502745,3.41554214
DECO_34508,39.74903958,-104.9946142,4,100,23/04/2023 23:37:03,249.021,0.57352,0.898,86.48225966,0.0283,1,0,24.86418656,2.467373021
DECO_34509,39.7523638,-104.9955459,4,200,23/04/2023 23:37:03,235.54,1.42711,0.909,185.6863951,0.1011,1,0,25.36390918,5.032846693
DECO_34510,39.75048701,-104.9965018,4,250,23/04/2023 23:37:03,244.496,1.56566,0.96,189.816081,0.1354,1,0,33.64891581,8.313077089
DECO_34511,39.74934284,-104.9950152,4,100,23/04/2023 23:37:03,214.452,0.6545,0.953,67.23632657,0.173,1,0,24.03113034,2.383155693
DECO_34512,39.75245283,-104.9954295,4,100,23/04/2023 23:37:03,240.656,0.6233,0.893,76.03992469,0.1916,1,0,25.0302978,2.475916387
DECO_34513,39.75058015,-104.9966219,4,70,23/04/2023 23:37:03,205.563,0.50136,0.922,61.8364486,0.007,1,0,24.69807531,1.708462629
DECO_34514,39.75254313,-104.9953183,4,100,23/04/2023 23:37:03,194.563,0.85348,0.99,80.15214134,0.1203,1,0,24.53057518,2.431136316
DECO_34515,39.7505676,-104.996901,4,70,23/04/2023 23:37:03,230.58,0.48866,0.895,68.61273949,0.0265,1,0,34.14863843,2.369670573
DECO_34516,39.7513383,-104.9979497,4,250,23/04/2023 23:37:03,201.003,1.69342,0.939,183.9207924,0.0851,1,0,23.86501909,5.90549045
DECO_34517,39.74869456,-104.999319,4,250,23/04/2023 23:37:03,239.396,1.57445,0.985,200.1523751,0.0395,1,0,24.19751936,5.98358746
DECO_34519,39.74870315,-104.9990532,4,250,23/04/2023 23:37:03,197.78,2.10115,0.857,236.1058572,0.1322,1,0,34.14891621,8.48561538
DECO_34524,39.74861329,-104.9989145,4,70,23/04/2023 23:37:03,211.003,0.48246,0.923,60.55724469,0.0142,1,0,25.53113154,1.772376968
DECO_34540,39.7493758,-104.9970914,4,55,23/04/2023 23:37:03,230.757,0.31864,0.887,41.65249323,0.1033,1,0,25.3636314,1.381692186
DECO_34542,39.74900333,-104.9972018,4,100,23/04/2023 23:37:03,203.503,0.75486,0.941,82.80449535,0.0848,1,0,25.19752016,2.493535309
DECO_34544,39.74899737,-104.9971025,4,100,23/04/2023 23:37:03,219.119,0.76672,0.879,98.40595968,0.0818,1,0,25.03113114,2.486887966
DECO_34545,39.74892818,-104.9970999,4,100,23/04/2023 23:37:03,201.118,0.7627,0.866,94.81832593,0.0459,1,0,24.86390878,2.462198928
DECO_34546,39.74891762,-104.9969967,4,100,23/04/2023 23:37:03,223.618,0.68718,0.873,86.63996189,0.1225,1,0,25.53140931,2.529583497
DECO_34547,39.74883887,-104.9969905,4,100,23/04/2023 23:37:03,236.524,0.59899,0.996,62.78214407,0.1849,1,0,33.98141607,3.365710913
DECO_34548,39.74974023,-104.9968938,4,55,23/04/2023 23:37:03,206.819,0.445,0.874,50.96667718,0.1371,1,0,24.86390878,1.353928379
DECO_34549,39.74959407,-104.9967949,4,55,23/04/2023 23:37:03,196.398,0.45544,0.89,48.10778216,0.1455,1,0,24.86446434,1.353797556
DECO_34550,39.7487847,-104.9969021,4,100,23/04/2023 23:37:03,199.11,0.6881,0.99,74.73866288,0.0058,1,0,25.19752016,2.495850176
DECO_34551,39.7498135,-104.9965323,4,55,23/04/2023 23:37:03,209.608,0.37908,0.965,43.52101199,0.0381,1,0,25.19752016,1.37193325
DECO_34552,39.7487788,-104.9968171,4,100,23/04/2023 23:37:03,244.64,0.58153,0.938,72.14670159,0.1425,1,0,25.19807571,2.491880492
DECO_34553,39.74871579,-104.9967409,4,100,23/04/2023 23:37:03,234.178,0.57565,0.904,80.42141098,0.0354,1,0,24.36418616,2.403477071
DECO_34555,39.74865222,-104.9966646,4,100,23/04/2023 23:37:03,229.072,0.6271,0.936,73.64417623,0.1355,1,0,24.36418616,2.408385676
DECO_34556,39.74993045,-104.9963562,4,55,23/04/2023 23:37:03,245.716,0.32864,0.864,48.90075635,0.0675,1,0,34.14891621,1.864188955
DECO_34557,39.75034815,-104.9990303,4,70,23/04/2023 23:37:03,235.833,0.40096,0.963,43.59354554,0.1927,1,0,25.53057598,1.775376458
DECO_34562,39.74962452,-104.9987592,4,250,23/04/2023 23:37:03,215.436,1.95608,0.908,223.4159123,0.1384,1,0,25.8636318,6.377757773
DECO_34565,39.7481249,-104.9986696,4,250,23/04/2023 23:37:03,234.524,1.67675,0.925,225.5410797,0.047,1,0,25.53085376,6.311007569
DECO_34566,39.74827389,-104.9984351,4,250,23/04/2023 23:37:03,239.507,1.6667,0.875,214.7321252,0.1608,1,0,33.64836025,8.37505815
DECO_34567,39.74806597,-104.9981816,4,100,23/04/2023 23:37:03,229.858,0.60854,0.935,74.06639213,0.1083,1,0,25.19779794,2.490834271
DECO_34571,39.74794555,-104.9980325,4,400,23/04/2023 23:37:03,198.929,2.64049,0.989,232.4493116,0.1947,1,0,25.0302978,9.90254219
DECO_34573,39.75250324,-104.995758,4,100,23/04/2023 23:37:03,246.003,0.60427,0.962,83.05604677,0.023,1,0,24.53057518,2.419536797
DECO_34574,39.75278746,-104.9953841,4,100,23/04/2023 23:37:03,200.338,0.71696,0.944,68.3850436,0.1883,1,0,24.86418656,2.46413819
DECO_34587,39.75146123,-104.9981243,4,250,23/04/2023 23:37:03,232.549,1.51309,0.894,212.7712938,0.0345,1,0,24.86474211,6.141938666
DECO_34588,39.74974877,-104.9992913,4,100,23/04/2023 23:37:03,241.134,0.61262,0.97,67.88367885,0.1871,1,0,25.86390958,2.549720201
DECO_34624,39.74834719,-104.9984149,4,55,23/04/2023 23:37:03,228.594,0.39542,0.996,46.32136592,0.0574,1,0,24.86390878,1.356219033
DECO_34635,39.74934759,-104.9988416,4,250,23/04/2023 23:37:03,222.678,1.63551,0.943,211.2603334,0.0124,1,0,24.86418656,6.149797731
DECO_34636,39.74949217,-104.9989238,4,70,23/04/2023 23:37:03,210.187,0.51496,0.993,56.30922918,0.0475,1,0,24.86474211,1.732346683
DECO_34637,39.74921644,-104.9990145,4,70,23/04/2023 23:37:03,201.311,0.49272,0.922,49.83455822,0.1685,1,0,25.696965,1.77894338
DECO_34639,39.74940569,-104.9990373,4,70,23/04/2023 23:37:03,236.94,0.48137,0.889,69.10943817,0.0385,1,0,24.69779754,1.714334273
DECO_34640,39.74911488,-104.9991401,4,70,23/04/2023 23:37:03,227.108,0.50061,0.933,56.04513874,0.1721,1,0,34.14863843,2.369743712
DECO_34642,39.74881995,-104.9994809,4,250,23/04/2023 23:37:03,208.518,1.93983,0.881,229.4801639,0.1085,1,0,35.14808367,8.714710349
DECO_34644,39.74867334,-104.9997244,4,250,23/04/2023 23:37:03,232.416,1.49329,0.971,175.3385605,0.105,1,0,24.53057518,6.079858179
DECO_34645,39.74852574,-104.9999164,4,70,23/04/2023 23:37:03,240.841,0.42809,0.98,56.92454563,0.0088,1,0,33.64863803,2.337170123
DECO_34647,39.74854386,-105.0001459,4,250,23/04/2023 23:37:03,211.348,1.98242,0.979,196.239231,0.1604,1,0,24.36418616,6.024734179
DECO_34666,39.7532116,-104.995508,4,250,23/04/2023 23:37:03,246.802,1.58266,0.935,225.7778393,0.0266,1,0,24.5302974,6.048411487
DECO_34672,39.75202149,-104.9970983,4,70,23/04/2023 23:37:03,210.127,0.53618,0.898,61.84852776,0.1191,1,0,24.86418656,1.720274393
DECO_34674,39.75205194,-104.9973615,4,250,23/04/2023 23:37:03,201.038,1.89842,0.97,184.3144936,0.1457,1,0,33.31530443,8.246463054
DECO_34676,39.7516885,-104.997534,4,250,23/04/2023 23:37:03,227.478,1.52166,0.875,188.97292,0.1483,1,0,24.86418656,6.14316209
DECO_34691,39.75185938,-104.9991072,4,250,23/04/2023 23:37:03,235.586,1.76415,0.902,215.7165612,0.1629,1,0,33.31641554,8.28154076
DECO_34692,39.75199095,-104.9991788,4,70,23/04/2023 23:37:03,224.668,0.47686,0.969,49.32811903,0.1867,1,0,24.69751976,1.704407793
DECO_34695,39.75234596,-104.9992196,4,70,23/04/2023 23:37:03,206.644,0.46805,0.942,51.07387361,0.1022,1,0,24.1969638,1.669876265
DECO_34697,39.75247389,-104.9993848,4,70,23/04/2023 23:37:03,233.159,0.43736,0.95,54.88583116,0.0747,1,0,24.69779754,1.709448844
DECO_34698,39.75231595,-104.9984816,4,250,23/04/2023 23:37:03,207.45,1.99082,0.9,242.9875504,0.0535,1,0,25.36418696,6.281103199
DECO_34714,39.75184732,-104.9973317,4,70,23/04/2023 23:37:03,212.816,0.53523,0.943,63.53858309,0.0503,1,0,24.53085296,1.69917105
DECO_34715,39.75185389,-104.9976353,4,70,23/04/2023 23:37:03,208.941,0.55258,0.869,59.83141323,0.1973,1,0,33.64863803,2.342163062
DECO_34717,39.7515537,-104.9977225,4,70,23/04/2023 23:37:03,223.21,0.50511,0.938,60.91699405,0.0864,1,0,33.81558261,2.349772323
DECO_34718,39.75175228,-104.9977774,4,70,23/04/2023 23:37:03,229.992,0.4831,0.85,67.81572881,0.0752,1,0,24.69779754,1.710583456
DECO_34720,39.75151284,-104.9977874,4,250,23/04/2023 23:37:03,198.891,1.72269,0.908,189.2802875,0.1022,1,0,24.69779754,6.10672752
DECO_34721,39.75161981,-104.9979838,4,250,23/04/2023 23:37:03,220.698,1.79415,0.865,216.9518939,0.1553,1,0,25.53113154,6.321788192
DECO_34741,39.75029774,-104.997887,4,70,23/04/2023 23:37:03,238.282,0.48883,0.932,64.98986331,0.0642,1,0,25.53057598,1.768964025
DECO_34744,39.7516082,-104.9982435,4,70,23/04/2023 23:37:03,245.259,0.43368,0.975,57.10951256,0.0432,1,0,33.81530483,2.346090128
DECO_34745,39.75174272,-104.9984384,4,70,23/04/2023 23:37:03,192.645,0.48824,0.926,48.26103457,0.1463,1,0,25.03085336,1.733130923
DECO_34747,39.75170699,-104.9981127,4,70,23/04/2023 23:37:03,237.359,0.44834,0.981,52.17471276,0.1185,1,0,25.1969646,1.745769308
DECO_34749,39.75183975,-104.9982898,4,250,23/04/2023 23:37:03,225.848,1.83194,0.854,252.1364259,0.0724,1,0,24.36390838,6.04402918
DECO_34750,39.75182569,-104.9985844,4,70,23/04/2023 23:37:03,191.388,0.51131,0.876,52.32687687,0.1648,1,0,25.3636314,1.76159281
DECO_34751,39.75191727,-104.9983949,4,70,23/04/2023 23:37:03,233.592,0.47295,0.931,55.91303073,0.1523,1,0,25.19752016,1.745511884
DECO_34752,39.75192241,-104.9986894,4,70,23/04/2023 23:37:03,236.475,0.45936,0.877,68.74730785,0.0103,1,0,24.69751976,1.709069187
DECO_34753,39.75202794,-104.9985326,4,70,23/04/2023 23:37:03,210.798,0.5523,0.858,72.76271345,0.0443,1,0,24.5302974,1.704983472
DECO_34757,39.75159814,-104.9958656,4,250,23/04/2023 23:37:03,228.061,1.54779,0.908,197.7419586,0.0896,1,0,24.03113034,5.960587077
DECO_34769,39.75262612,-104.9996115,4,70,23/04/2023 23:37:03,204.278,0.4625,0.857,52.01461304,0.1591,1,0,26.03085416,1.799137815
DECO_34770,39.75247836,-104.9982858,4,70,23/04/2023 23:37:03,203.812,0.57334,0.983,58.40301612,0.0987,1,0,24.69807531,1.715463319
DECO_34772,39.75263782,-104.9980797,4,250,23/04/2023 23:37:03,222.376,1.64603,0.87,203.0572462,0.1397,1,0,34.14808287,8.464432552
DECO_34775,39.75278741,-104.9995204,4,70,23/04/2023 23:37:03,206.336,0.44736,0.902,45.90158522,0.198,1,0,34.31530523,2.382315124
DECO_34776,39.75257794,-104.999233,4,70,23/04/2023 23:37:03,218.37,0.53848,0.867,71.2155051,0.0641,1,0,33.98224941,2.360734227
DECO_34781,39.74833996,-104.9969531,4,100,23/04/2023 23:37:03,217.777,0.73474,0.953,84.45359135,0.0888,1,0,33.14835985,3.288405981
DECO_34782,39.75208518,-104.9941776,4,250,23/04/2023 23:37:03,238.217,1.36962,0.95,161.259347,0.1503,1,0,24.86418656,6.133934021
DECO_34785,39.75236832,-104.9941047,4,250,23/04/2023 23:37:03,220.985,1.47825,0.989,147.0938725,0.1806,1,0,24.86418656,6.161295677
DECO_34787,39.74832511,-104.9966223,4,250,23/04/2023 23:37:03,205.51,1.78587,0.915,215.3868195,0.0376,1,0,24.36474171,6.017831434
DECO_34789,39.75232675,-104.9943537,4,70,23/04/2023 23:37:03,199.789,0.53644,0.97,53.38826909,0.1188,1,0,35.14836145,2.444515875
DECO_34794,39.7518238,-104.9982573,4,70,23/04/2023 23:37:03,219.981,0.49161,0.979,57.86748941,0.0408,1,0,24.53085296,1.700837387
DECO_34800,39.75137271,-104.9988992,4,100,23/04/2023 23:37:03,190.73,0.78797,0.879,90.68619928,0.0541,1,0,25.19724238,2.489363389
DECO_34812,39.75022804,-104.9976782,4,70,23/04/2023 23:37:03,245.823,0.43739,0.992,47.98758476,0.1841,1,0,34.64836105,2.401301739
DECO_34816,39.75034338,-104.9975482,4,70,23/04/2023 23:37:03,242.779,0.38654,0.895,53.85822196,0.0825,1,0,25.03140891,1.732291324
DECO_34819,39.75046903,-104.9973772,4,70,23/04/2023 23:37:03,226.687,0.42448,0.982,45.29494487,0.1524,1,0,25.03057558,1.736140767
DECO_34820,39.7505264,-104.9975906,4,70,23/04/2023 23:37:03,236.97,0.49968,0.867,63.50642096,0.1712,1,0,26.1969654,1.817000222
DECO_34821,39.7505264,-104.9975906,4,70,23/04/2023 23:37:03,216.224,0.45591,0.99,46.90608859,0.1328,1,0,24.6969642,1.712413855
DECO_34827,39.75082082,-104.9969138,4,250,23/04/2023 23:37:03,238.976,1.55196,0.974,190.9042904,0.0841,1,0,25.36390918,6.283671796
DECO_34829,39.74995671,-104.9965992,4,55,23/04/2023 23:37:03,208.75,0.38591,0.914,44.22964,0.1008,1,0,25.19752016,1.36591591
DECO_34830,39.74852651,-104.9967286,4,250,23/04/2023 23:37:03,223.145,1.651,0.923,210.5288232,0.053,1,0,25.53140931,6.322293526
DECO_34832,39.74998037,-104.9962322,4,250,23/04/2023 23:37:03,235.884,1.46161,0.945,172.179854,0.1474,1,0,24.19779714,5.973017268
DECO_34834,39.74865522,-104.9965485,4,250,23/04/2023 23:37:03,242.254,1.3723,0.899,202.2560282,0.0225,1,0,25.36446474,6.269654057
DECO_34835,39.75005823,-104.9964652,4,55,23/04/2023 23:37:03,228.01,0.34638,0.86,42.05222448,0.1839,1,0,24.86390878,1.350928189
DECO_34847,39.75224222,-104.9964259,4,400,23/04/2023 23:37:03,231.512,2.91287,0.922,354.8653223,0.1291,1,0,25.8636318,10.24365099
DECO_34848,39.75198814,-104.9963452,4,400,23/04/2023 23:37:03,241.909,2.73551,0.871,389.5934512,0.0859,1,0,25.03057558,9.938738579
DECO_34850,39.74757293,-104.9993963,4,250,23/04/2023 23:37:03,202.251,2.06712,0.906,226.8329643,0.1205,1,0,24.86390878,6.15595652
DECO_34851,39.75091627,-104.994627,4,250,23/04/2023 23:37:03,220.712,1.61948,0.866,230.928484,0.0028,1,0,25.86390958,6.406749798
DECO_34854,39.75076496,-104.994453,4,400,23/04/2023 23:37:03,214.357,2.68352,0.879,319.7256685,0.1287,1,0,33.81502705,13.42206157
DECO_34855,39.75070237,-104.9943858,4,70,23/04/2023 23:37:03,218.996,0.5289,0.869,66.45414837,0.1113,1,0,25.19724238,1.74371105
DECO_34856,39.75072948,-104.994737,4,400,23/04/2023 23:37:03,248.448,2.48217,0.94,316.9061679,0.1287,1,0,24.86390878,9.843819019
DECO_34857,39.75055091,-104.9941356,4,250,23/04/2023 23:37:03,236.128,1.76766,0.998,182.5376847,0.1931,1,0,24.6969642,6.118932324
DECO_34858,39.75056061,-104.9944925,4,400,23/04/2023 23:37:03,207.318,2.76477,0.966,272.2006712,0.1648,1,0,33.64863803,13.35826785
DECO_34860,39.74783458,-104.9972857,4,250,23/04/2023 23:37:03,195.018,1.76814,0.945,164.6705011,0.1847,1,0,25.19724238,6.225450052
DECO_34864,39.74767983,-104.9975325,4,250,23/04/2023 23:37:03,227.089,1.53095,0.967,167.6455097,0.1507,1,0,23.69779674,5.852913793
DECO_34865,39.75243635,-104.9942312,4,70,23/04/2023 23:37:03,205.309,0.51479,0.85,57.95884118,0.1691,1,0,25.36390918,1.751411329
DECO_34866,39.75238457,-104.9944262,4,250,23/04/2023 23:37:03,209.705,1.57414,0.879,173.2661425,0.1772,1,0,25.03113114,6.182030273
DECO_34870,39.74775452,-104.9977351,4,250,23/04/2023 23:37:03,240.461,1.68339,0.928,225.7088391,0.0698,1,0,25.5302982,6.326293652
DECO_34896,39.75000956,-104.995873,4,100,23/04/2023 23:37:03,213.265,0.66267,0.954,76.24401634,0.0673,1,0,25.53140931,2.521245453
DECO_34897,39.7510212,-104.9972165,4,70,23/04/2023 23:37:03,231.431,0.47791,0.93,54.37240434,0.1777,1,0,33.48169345,2.323637501
DECO_34898,39.75105614,-104.9975303,4,70,23/04/2023 23:37:03,215.307,0.50444,0.884,62.73624532,0.089,1,0,34.14891621,2.379106593
DECO_34899,39.75114807,-104.997395,4,70,23/04/2023 23:37:03,196.174,0.5609,0.963,53.58025367,0.1473,1,0,25.1969646,1.751368739
DECO_34900,39.75109685,-104.9976048,4,250,23/04/2023 23:37:03,204.807,1.86702,0.951,207.163972,0.0673,1,0,33.14835985,8.223858674
DECO_34901,39.75114141,-104.9976514,4,70,23/04/2023 23:37:03,230.074,0.43832,0.987,48.53758832,0.1268,1,0,24.69724198,1.711826802
DECO_34902,39.75123758,-104.9975289,4,70,23/04/2023 23:37:03,233.103,0.41577,0.88,55.18680322,0.1063,1,0,34.14836065,2.368284628
DECO_34903,39.75124397,-104.9978128,4,70,23/04/2023 23:37:03,224.075,0.42873,0.913,48.63706618,0.1719,1,0,25.53113154,1.768255386
DECO_34904,39.74852719,-104.9963751,4,250,23/04/2023 23:37:03,239.557,1.39214,0.974,172.5985208,0.0791,1,0,25.36390918,6.288383587
DECO_34909,39.74804101,-104.9959416,4,100,23/04/2023 23:37:03,239.14,0.6543,0.93,78.50100524,0.1608,1,0,25.69724278,2.537364363
DECO_34911,39.74836641,-104.9963517,4,100,23/04/2023 23:37:03,195.757,0.82944,0.867,97.50633045,0.072,1,0,25.53057598,2.535460188
DECO_34912,39.74842504,-104.9964312,4,100,23/04/2023 23:37:03,200.069,0.83829,0.97,77.90511969,0.1783,1,0,25.0302978,2.471240992
DECO_34915,39.75045436,-104.9959768,4,70,23/04/2023 23:37:03,228.943,0.48656,0.994,48.64095021,0.1993,1,0,24.69751976,1.71550031
DECO_34916,39.74786136,-104.9958468,4,250,23/04/2023 23:37:03,246.856,1.69306,0.882,246.3083206,0.0728,1,0,24.86446434,6.183133619
DECO_34919,39.74839501,-105.0000775,4,70,23/04/2023 23:37:03,247.04,0.40352,0.986,44.80492764,0.1858,1,0,24.3636306,1.699434177
DECO_34926,39.7483558,-104.999422,4,250,23/04/2023 23:37:03,204.912,2.04886,0.951,223.4091958,0.0839,1,0,25.36418696,6.27815682
DECO_34928,39.74753346,-104.9996818,4,55,23/04/2023 23:37:03,202.827,0.39157,0.936,39.6986588,0.1571,1,0,24.69751976,1.346240312
DECO_34932,39.74785392,-104.9992526,4,250,23/04/2023 23:37:03,202.811,1.6482,0.979,160.3686443,0.14,1,0,25.19752016,6.22507274
DECO_34934,39.75026766,-104.9941196,4,250,23/04/2023 23:37:03,193.833,2.05578,0.875,235.3724319,0.0785,1,0,26.03085416,6.442489107
DECO_34936,39.7501546,-104.9946233,4,400,23/04/2023 23:37:03,218.675,2.50893,0.913,324.9258666,0.0313,1,0,25.19724238,9.998862242
DECO_34970,39.7513752,-104.9976927,4,70,23/04/2023 23:37:03,205.968,0.53358,0.902,61.41717336,0.0987,1,0,34.64919439,2.407343518
DECO_34971,39.74879815,-104.998107,4,55,23/04/2023 23:37:03,220.323,0.40455,0.899,48.27982798,0.1297,1,0,24.03085256,1.309423517
DECO_34972,39.74869933,-104.9979692,4,55,23/04/2023 23:37:03,215.165,0.38666,0.983,38.01473771,0.176,1,0,24.86418656,1.348026362
DECO_34973,39.74896181,-104.9978958,4,55,23/04/2023 23:37:03,228.551,0.32703,0.875,42.98010555,0.1029,1,0,24.6969642,1.344198079
DECO_34974,39.74895875,-104.9975793,4,55,23/04/2023 23:37:03,236.681,0.37397,0.96,44.44315351,0.1245,1,0,25.36418696,1.381625516
DECO_34975,39.74986493,-104.9960238,4,100,23/04/2023 23:37:03,202.602,0.67192,0.919,68.63222044,0.1689,1,0,25.86557625,2.561950616
DECO_34976,39.74914599,-104.9950296,4,100,23/04/2023 23:37:03,228.735,0.58432,0.932,64.66739909,0.1885,1,0,25.69752056,2.536171627
DECO_34977,39.74892291,-104.994773,4,100,23/04/2023 23:37:03,192.288,0.68131,0.916,68.86904102,0.1368,1,0,25.3636314,2.50290485
DECO_34978,39.75024359,-104.9964898,4,70,23/04/2023 23:37:03,214.67,0.52613,0.905,66.32471293,0.0493,1,0,34.64808327,2.410497729
DECO_34979,39.74866846,-104.9944644,4,250,23/04/2023 23:37:03,237.309,1.51281,0.955,169.8929354,0.1807,1,0,23.53085216,5.811157712
DECO_34980,39.74878595,-104.9942754,4,250,23/04/2023 23:37:03,196.572,1.88706,0.963,172.3243058,0.1865,1,0,24.69807531,6.103509113
DECO_34981,39.75033628,-104.9966164,4,70,23/04/2023 23:37:03,219.715,0.50786,0.895,61.75742903,0.1152,1,0,25.19752016,1.73904147
DECO_34982,39.7521892,-104.9957737,4,200,23/04/2023 23:37:03,217.42,1.51188,0.889,166.6117213,0.1957,1,0,25.03085336,4.961796672
DECO_34983,39.75045361,-104.9964498,4,70,23/04/2023 23:37:03,226.126,0.4692,0.854,57.17794904,0.1797,1,0,25.3636314,1.754787371
DECO_34984,39.74895258,-104.9944791,4,250,23/04/2023 23:37:03,224.235,1.67153,0.994,184.6775835,0.0965,1,0,33.31530443,8.259034367
DECO_34997,39.7481598,-105.0007015,4,250,23/04/2023 23:37:03,238.431,1.73831,0.969,223.5647697,0.0472,1,0,24.86418656,6.134407774
DECO_35001,39.74849115,-105.0012501,4,70,23/04/2023 23:37:03,227.516,0.42422,0.987,44.31530279,0.167,1,0,24.53140851,1.693798397
DECO_35006,39.74836951,-105.0007425,4,200,23/04/2023 23:37:03,231.251,1.1752,0.98,139.0121503,0.0817,1,0,24.36446394,4.835593946
DECO_35027,39.75136363,-104.9982423,4,70,23/04/2023 23:37:03,223.303,0.45516,0.936,48.82720684,0.1899,1,0,24.1969638,1.680186008
DECO_35029,39.75103607,-104.9983948,4,70,23/04/2023 23:37:03,195.831,0.48374,0.952,48.69063351,0.1139,1,0,25.0302978,1.738450624
DECO_35031,39.75125638,-104.9983879,4,250,23/04/2023 23:37:03,239.627,1.55847,0.989,177.5573468,0.1348,1,0,25.86390958,6.41881863
DECO_35034,39.75112027,-104.9985612,4,70,23/04/2023 23:37:03,209.289,0.43766,0.858,54.66501786,0.0874,1,0,24.53196407,1.693906748
DECO_35035,39.75069196,-104.9988424,4,70,23/04/2023 23:37:03,214.463,0.474,0.959,53.32857154,0.0866,1,0,24.53113074,1.696855102
DECO_35036,39.75085922,-104.9989064,4,100,23/04/2023 23:37:03,228.952,0.58383,0.869,79.83194255,0.0749,1,0,33.31502665,3.305285676
DECO_35037,39.75085922,-104.9989064,4,100,23/04/2023 23:37:03,203.427,0.77977,0.959,78.22295647,0.1414,1,0,25.1969646,2.495501796
DECO_35050,39.75244786,-104.9990701,4,250,23/04/2023 23:37:03,232.91,1.59812,0.864,238.0446576,0.0152,1,0,24.53085296,6.076351501
DECO_35052,39.7523044,-104.9988834,4,70,23/04/2023 23:37:03,219.857,0.52342,0.957,65.87084257,0.0062,1,0,24.36418616,1.686499136
DECO_35056,39.7530635,-104.9977791,4,250,23/04/2023 23:37:03,216.885,1.63202,0.899,185.